-15,25,+Ot7YzzGYilYNGTBcAVopYRuBfc=,soI0RfGRg81KKerjrp8KKfr6MxM=
-9,30,+Ot7YzzGYilYNGTBcAVopYRuBfc=,soI0RfGRg81KKerjrp8KKfr6MxM=
-10,30,+Ot7YzzGYilYNGTBcAVopYRuBfc=,soI0RfGRg81KKerjrp8KKfr6MxM=
-11,30,+Ot7YzzGYilYNGTBcAVopYRuBfc=,soI0RfGRg81KKerjrp8KKfr6MxM=
-12,30,+Ot7YzzGYilYNGTBcAVopYRuBfc=,soI0RfGRg81KKerjrp8KKfr6MxM=
-13,30,+Ot7YzzGYilYNGTBcAVopYRuBfc=,soI0RfGRg81KKerjrp8KKfr6MxM=
-14,30,+Ot7YzzGYilYNGTBcAVopYRuBfc=,soI0RfGRg81KKerjrp8KKfr6MxM=
-15,30,+Ot7YzzGYilYNGTBcAVopYRuBfc=,soI0RfGRg81KKerjrp8KKfr6MxM=
-9,29,+Ot7YzzGYilYNGTBcAVopYRuBfc=,soI0RfGRg81KKerjrp8KKfr6MxM=
-10,29,+Ot7YzzGYilYNGTBcAVopYRuBfc=,soI0RfGRg81KKerjrp8KKfr6MxM=
-11,29,+Ot7YzzGYilYNGTBcAVopYRuBfc=,soI0RfGRg81KKerjrp8KKfr6MxM=
-12,29,+Ot7YzzGYilYNGTBcAVopYRuBfc=,soI0RfGRg81KKerjrp8KKfr6MxM=
-13,29,+Ot7YzzGYilYNGTBcAVopYRuBfc=,soI0RfGRg81KKerjrp8KKfr6MxM=
-14,29,+Ot7YzzGYilYNGTBcAVopYRuBfc=,soI0RfGRg81KKerjrp8KKfr6MxM=
-15,29,+Ot7YzzGYilYNGTBcAVopYRuBfc=,soI0RfGRg81KKerjrp8KKfr6MxM=
-9,28,+Ot7YzzGYilYNGTBcAVopYRuBfc=,soI0RfGRg81KKerjrp8KKfr6MxM=
-10,28,+Ot7YzzGYilYNGTBcAVopYRuBfc=,soI0RfGRg81KKerjrp8KKfr6MxM=
-11,28,+Ot7YzzGYilYNGTBcAVopYRuBfc=,soI0RfGRg81KKerjrp8KKfr6MxM=
-12,28,+Ot7YzzGYilYNGTBcAVopYRuBfc=,soI0RfGRg81KKerjrp8KKfr6MxM=
-13,28,+Ot7YzzGYilYNGTBcAVopYRuBfc=,soI0RfGRg81KKerjrp8KKfr6MxM=
-14,28,+Ot7YzzGYilYNGTBcAVopYRuBfc=,soI0RfGRg81KKerjrp8KKfr6MxM=
-15,28,+Ot7YzzGYilYNGTBcAVopYRuBfc=,soI0RfGRg81KKerjrp8KKfr6MxM=
-9,27,+Ot7YzzGYilYNGTBcAVopYRuBfc=,soI0RfGRg81KKerjrp8KKfr6MxM=
-10,27,+Ot7YzzGYilYNGTBcAVopYRuBfc=,soI0RfGRg81KKerjrp8KKfr6MxM=
-11,27,+Ot7YzzGYilYNGTBcAVopYRuBfc=,soI0RfGRg81KKerjrp8KKfr6MxM=
-12,27,+Ot7YzzGYilYNGTBcAVopYRuBfc=,soI0RfGRg81KKerjrp8KKfr6MxM=
-13,27,+Ot7YzzGYilYNGTBcAVopYRuBfc=,soI0RfGRg81KKerjrp8KKfr6MxM=
-14,27,+Ot7YzzGYilYNGTBcAVopYRuBfc=,soI0RfGRg81KKerjrp8KKfr6MxM=
-15,27,+Ot7YzzGYilYNGTBcAVopYRuBfc=,soI0RfGRg81KKerjrp8KKfr6MxM=
-9,26,+Ot7YzzGYilYNGTBcAVopYRuBfc=,soI0RfGRg81KKerjrp8KKfr6MxM=
-10,26,+Ot7YzzGYilYNGTBcAVopYRuBfc=,soI0RfGRg81KKerjrp8KKfr6MxM=
-11,26,+Ot7YzzGYilYNGTBcAVopYRuBfc=,soI0RfGRg81KKerjrp8KKfr6MxM=
-12,26,+Ot7YzzGYilYNGTBcAVopYRuBfc=,soI0RfGRg81KKerjrp8KKfr6MxM=
-13,26,+Ot7YzzGYilYNGTBcAVopYRuBfc=,soI0RfGRg81KKerjrp8KKfr6MxM=
-14,26,+Ot7YzzGYilYNGTBcAVopYRuBfc=,soI0RfGRg81KKerjrp8KKfr6MxM=
-15,26,+Ot7YzzGYilYNGTBcAVopYRuBfc=,soI0RfGRg81KKerjrp8KKfr6MxM=
-9,25,+Ot7YzzGYilYNGTBcAVopYRuBfc=,soI0RfGRg81KKerjrp8KKfr6MxM=
-10,25,+Ot7YzzGYilYNGTBcAVopYRuBfc=,soI0RfGRg81KKerjrp8KKfr6MxM=
-11,25,+Ot7YzzGYilYNGTBcAVopYRuBfc=,soI0RfGRg81KKerjrp8KKfr6MxM=
-12,25,+Ot7YzzGYilYNGTBcAVopYRuBfc=,soI0RfGRg81KKerjrp8KKfr6MxM=
-13,25,+Ot7YzzGYilYNGTBcAVopYRuBfc=,soI0RfGRg81KKerjrp8KKfr6MxM=
-14,25,+Ot7YzzGYilYNGTBcAVopYRuBfc=,soI0RfGRg81KKerjrp8KKfr6MxM=
-4,17,+Ot7YzzGYilYNGTBcAVopYRuBfc=,JLj5akq6hep3p5ny0HyDJrIlSZ4=
-2,23,+Ot7YzzGYilYNGTBcAVopYRuBfc=,JLj5akq6hep3p5ny0HyDJrIlSZ4=
-3,23,+Ot7YzzGYilYNGTBcAVopYRuBfc=,JLj5akq6hep3p5ny0HyDJrIlSZ4=
-5,17,+Ot7YzzGYilYNGTBcAVopYRuBfc=,JLj5akq6hep3p5ny0HyDJrIlSZ4=
-6,17,+Ot7YzzGYilYNGTBcAVopYRuBfc=,JLj5akq6hep3p5ny0HyDJrIlSZ4=
-4,23,+Ot7YzzGYilYNGTBcAVopYRuBfc=,JLj5akq6hep3p5ny0HyDJrIlSZ4=
-5,23,+Ot7YzzGYilYNGTBcAVopYRuBfc=,JLj5akq6hep3p5ny0HyDJrIlSZ4=
-6,23,+Ot7YzzGYilYNGTBcAVopYRuBfc=,JLj5akq6hep3p5ny0HyDJrIlSZ4=
-7,17,+Ot7YzzGYilYNGTBcAVopYRuBfc=,JLj5akq6hep3p5ny0HyDJrIlSZ4=
-7,23,+Ot7YzzGYilYNGTBcAVopYRuBfc=,JLj5akq6hep3p5ny0HyDJrIlSZ4=
-2,22,+Ot7YzzGYilYNGTBcAVopYRuBfc=,JLj5akq6hep3p5ny0HyDJrIlSZ4=
-3,22,+Ot7YzzGYilYNGTBcAVopYRuBfc=,JLj5akq6hep3p5ny0HyDJrIlSZ4=
-4,22,+Ot7YzzGYilYNGTBcAVopYRuBfc=,JLj5akq6hep3p5ny0HyDJrIlSZ4=
-5,22,+Ot7YzzGYilYNGTBcAVopYRuBfc=,JLj5akq6hep3p5ny0HyDJrIlSZ4=
-6,22,+Ot7YzzGYilYNGTBcAVopYRuBfc=,JLj5akq6hep3p5ny0HyDJrIlSZ4=
-7,22,+Ot7YzzGYilYNGTBcAVopYRuBfc=,JLj5akq6hep3p5ny0HyDJrIlSZ4=
-3,16,+Ot7YzzGYilYNGTBcAVopYRuBfc=,JLj5akq6hep3p5ny0HyDJrIlSZ4=
-3,21,+Ot7YzzGYilYNGTBcAVopYRuBfc=,JLj5akq6hep3p5ny0HyDJrIlSZ4=
-4,16,+Ot7YzzGYilYNGTBcAVopYRuBfc=,JLj5akq6hep3p5ny0HyDJrIlSZ4=
-5,16,+Ot7YzzGYilYNGTBcAVopYRuBfc=,JLj5akq6hep3p5ny0HyDJrIlSZ4=
-6,16,+Ot7YzzGYilYNGTBcAVopYRuBfc=,JLj5akq6hep3p5ny0HyDJrIlSZ4=
-4,21,+Ot7YzzGYilYNGTBcAVopYRuBfc=,JLj5akq6hep3p5ny0HyDJrIlSZ4=
-5,21,+Ot7YzzGYilYNGTBcAVopYRuBfc=,JLj5akq6hep3p5ny0HyDJrIlSZ4=
-6,21,+Ot7YzzGYilYNGTBcAVopYRuBfc=,JLj5akq6hep3p5ny0HyDJrIlSZ4=
-7,21,+Ot7YzzGYilYNGTBcAVopYRuBfc=,JLj5akq6hep3p5ny0HyDJrIlSZ4=
-7,16,+Ot7YzzGYilYNGTBcAVopYRuBfc=,JLj5akq6hep3p5ny0HyDJrIlSZ4=
-3,20,+Ot7YzzGYilYNGTBcAVopYRuBfc=,JLj5akq6hep3p5ny0HyDJrIlSZ4=
-4,20,+Ot7YzzGYilYNGTBcAVopYRuBfc=,JLj5akq6hep3p5ny0HyDJrIlSZ4=
-5,20,+Ot7YzzGYilYNGTBcAVopYRuBfc=,JLj5akq6hep3p5ny0HyDJrIlSZ4=
-6,20,+Ot7YzzGYilYNGTBcAVopYRuBfc=,JLj5akq6hep3p5ny0HyDJrIlSZ4=
-7,20,+Ot7YzzGYilYNGTBcAVopYRuBfc=,JLj5akq6hep3p5ny0HyDJrIlSZ4=
-3,19,+Ot7YzzGYilYNGTBcAVopYRuBfc=,JLj5akq6hep3p5ny0HyDJrIlSZ4=
-5,19,+Ot7YzzGYilYNGTBcAVopYRuBfc=,JLj5akq6hep3p5ny0HyDJrIlSZ4=
-6,19,+Ot7YzzGYilYNGTBcAVopYRuBfc=,JLj5akq6hep3p5ny0HyDJrIlSZ4=
-4,19,+Ot7YzzGYilYNGTBcAVopYRuBfc=,JLj5akq6hep3p5ny0HyDJrIlSZ4=
-7,19,+Ot7YzzGYilYNGTBcAVopYRuBfc=,JLj5akq6hep3p5ny0HyDJrIlSZ4=
-5,18,+Ot7YzzGYilYNGTBcAVopYRuBfc=,JLj5akq6hep3p5ny0HyDJrIlSZ4=
-4,18,+Ot7YzzGYilYNGTBcAVopYRuBfc=,JLj5akq6hep3p5ny0HyDJrIlSZ4=
-6,18,+Ot7YzzGYilYNGTBcAVopYRuBfc=,JLj5akq6hep3p5ny0HyDJrIlSZ4=
-7,18,+Ot7YzzGYilYNGTBcAVopYRuBfc=,JLj5akq6hep3p5ny0HyDJrIlSZ4=
-16,25,+Ot7YzzGYilYNGTBcAVopYRuBfc=,soI0RfGRg81KKerjrp8KKfr6MxM=
-16,26,+Ot7YzzGYilYNGTBcAVopYRuBfc=,soI0RfGRg81KKerjrp8KKfr6MxM=
-16,27,+Ot7YzzGYilYNGTBcAVopYRuBfc=,soI0RfGRg81KKerjrp8KKfr6MxM=
-16,28,+Ot7YzzGYilYNGTBcAVopYRuBfc=,soI0RfGRg81KKerjrp8KKfr6MxM=
-16,29,+Ot7YzzGYilYNGTBcAVopYRuBfc=,soI0RfGRg81KKerjrp8KKfr6MxM=
-16,30,+Ot7YzzGYilYNGTBcAVopYRuBfc=,soI0RfGRg81KKerjrp8KKfr6MxM=
-1,23,+Ot7YzzGYilYNGTBcAVopYRuBfc=,JLj5akq6hep3p5ny0HyDJrIlSZ4=
-1,22,+Ot7YzzGYilYNGTBcAVopYRuBfc=,JLj5akq6hep3p5ny0HyDJrIlSZ4=
-15,31,+Ot7YzzGYilYNGTBcAVopYRuBfc=,soI0RfGRg81KKerjrp8KKfr6MxM=
-14,31,+Ot7YzzGYilYNGTBcAVopYRuBfc=,soI0RfGRg81KKerjrp8KKfr6MxM=
-13,31,+Ot7YzzGYilYNGTBcAVopYRuBfc=,soI0RfGRg81KKerjrp8KKfr6MxM=
-12,31,+Ot7YzzGYilYNGTBcAVopYRuBfc=,soI0RfGRg81KKerjrp8KKfr6MxM=
-11,31,+Ot7YzzGYilYNGTBcAVopYRuBfc=,soI0RfGRg81KKerjrp8KKfr6MxM=
-10,31,+Ot7YzzGYilYNGTBcAVopYRuBfc=,soI0RfGRg81KKerjrp8KKfr6MxM=
-9,31,+Ot7YzzGYilYNGTBcAVopYRuBfc=,soI0RfGRg81KKerjrp8KKfr6MxM=
-16,31,+Ot7YzzGYilYNGTBcAVopYRuBfc=,soI0RfGRg81KKerjrp8KKfr6MxM=
-3,18,+Ot7YzzGYilYNGTBcAVopYRuBfc=,JLj5akq6hep3p5ny0HyDJrIlSZ4=
-2,16,+Ot7YzzGYilYNGTBcAVopYRuBfc=,JLj5akq6hep3p5ny0HyDJrIlSZ4=
-2,21,+Ot7YzzGYilYNGTBcAVopYRuBfc=,JLj5akq6hep3p5ny0HyDJrIlSZ4=
-2,20,+Ot7YzzGYilYNGTBcAVopYRuBfc=,JLj5akq6hep3p5ny0HyDJrIlSZ4=
-1,20,+Ot7YzzGYilYNGTBcAVopYRuBfc=,JLj5akq6hep3p5ny0HyDJrIlSZ4=
-3,17,+Ot7YzzGYilYNGTBcAVopYRuBfc=,JLj5akq6hep3p5ny0HyDJrIlSZ4=
-1,21,+Ot7YzzGYilYNGTBcAVopYRuBfc=,JLj5akq6hep3p5ny0HyDJrIlSZ4=
-2,19,+Ot7YzzGYilYNGTBcAVopYRuBfc=,JLj5akq6hep3p5ny0HyDJrIlSZ4=
-2,18,+Ot7YzzGYilYNGTBcAVopYRuBfc=,JLj5akq6hep3p5ny0HyDJrIlSZ4=
-2,17,+Ot7YzzGYilYNGTBcAVopYRuBfc=,JLj5akq6hep3p5ny0HyDJrIlSZ4=
-1,16,+Ot7YzzGYilYNGTBcAVopYRuBfc=,JLj5akq6hep3p5ny0HyDJrIlSZ4=
-10,21,+Ot7YzzGYilYNGTBcAVopYRuBfc=,otcHvTsNXz8271rq7HlV8W1YYFM=
-9,24,+Ot7YzzGYilYNGTBcAVopYRuBfc=,soI0RfGRg81KKerjrp8KKfr6MxM=
-8,23,+Ot7YzzGYilYNGTBcAVopYRuBfc=,JLj5akq6hep3p5ny0HyDJrIlSZ4=
-8,17,+Ot7YzzGYilYNGTBcAVopYRuBfc=,JLj5akq6hep3p5ny0HyDJrIlSZ4=
-8,22,+Ot7YzzGYilYNGTBcAVopYRuBfc=,JLj5akq6hep3p5ny0HyDJrIlSZ4=
-8,21,+Ot7YzzGYilYNGTBcAVopYRuBfc=,JLj5akq6hep3p5ny0HyDJrIlSZ4=
-15,23,+Ot7YzzGYilYNGTBcAVopYRuBfc=,otcHvTsNXz8271rq7HlV8W1YYFM=
-10,24,+Ot7YzzGYilYNGTBcAVopYRuBfc=,soI0RfGRg81KKerjrp8KKfr6MxM=
-9,20,+Ot7YzzGYilYNGTBcAVopYRuBfc=,otcHvTsNXz8271rq7HlV8W1YYFM=
-16,23,+Ot7YzzGYilYNGTBcAVopYRuBfc=,otcHvTsNXz8271rq7HlV8W1YYFM=
-8,20,+Ot7YzzGYilYNGTBcAVopYRuBfc=,JLj5akq6hep3p5ny0HyDJrIlSZ4=
-9,19,+Ot7YzzGYilYNGTBcAVopYRuBfc=,otcHvTsNXz8271rq7HlV8W1YYFM=
-10,20,+Ot7YzzGYilYNGTBcAVopYRuBfc=,otcHvTsNXz8271rq7HlV8W1YYFM=
-10,19,+Ot7YzzGYilYNGTBcAVopYRuBfc=,otcHvTsNXz8271rq7HlV8W1YYFM=
-9,22,+Ot7YzzGYilYNGTBcAVopYRuBfc=,otcHvTsNXz8271rq7HlV8W1YYFM=
-9,21,+Ot7YzzGYilYNGTBcAVopYRuBfc=,otcHvTsNXz8271rq7HlV8W1YYFM=
-11,20,+Ot7YzzGYilYNGTBcAVopYRuBfc=,otcHvTsNXz8271rq7HlV8W1YYFM=
-8,19,+Ot7YzzGYilYNGTBcAVopYRuBfc=,JLj5akq6hep3p5ny0HyDJrIlSZ4=
-11,19,+Ot7YzzGYilYNGTBcAVopYRuBfc=,otcHvTsNXz8271rq7HlV8W1YYFM=
-8,18,+Ot7YzzGYilYNGTBcAVopYRuBfc=,JLj5akq6hep3p5ny0HyDJrIlSZ4=
-13,24,+Ot7YzzGYilYNGTBcAVopYRuBfc=,soI0RfGRg81KKerjrp8KKfr6MxM=
-10,22,+Ot7YzzGYilYNGTBcAVopYRuBfc=,otcHvTsNXz8271rq7HlV8W1YYFM=
-14,24,+Ot7YzzGYilYNGTBcAVopYRuBfc=,soI0RfGRg81KKerjrp8KKfr6MxM=
-15,24,+Ot7YzzGYilYNGTBcAVopYRuBfc=,soI0RfGRg81KKerjrp8KKfr6MxM=
-16,24,+Ot7YzzGYilYNGTBcAVopYRuBfc=,soI0RfGRg81KKerjrp8KKfr6MxM=
-9,23,+Ot7YzzGYilYNGTBcAVopYRuBfc=,otcHvTsNXz8271rq7HlV8W1YYFM=
-10,23,+Ot7YzzGYilYNGTBcAVopYRuBfc=,otcHvTsNXz8271rq7HlV8W1YYFM=
-1,19,+Ot7YzzGYilYNGTBcAVopYRuBfc=,JLj5akq6hep3p5ny0HyDJrIlSZ4=
-11,18,+Ot7YzzGYilYNGTBcAVopYRuBfc=,otcHvTsNXz8271rq7HlV8W1YYFM=
-1,18,+Ot7YzzGYilYNGTBcAVopYRuBfc=,JLj5akq6hep3p5ny0HyDJrIlSZ4=
-1,17,+Ot7YzzGYilYNGTBcAVopYRuBfc=,JLj5akq6hep3p5ny0HyDJrIlSZ4=
-16,19,+Ot7YzzGYilYNGTBcAVopYRuBfc=,otcHvTsNXz8271rq7HlV8W1YYFM=
-11,21,+Ot7YzzGYilYNGTBcAVopYRuBfc=,otcHvTsNXz8271rq7HlV8W1YYFM=
-12,18,+Ot7YzzGYilYNGTBcAVopYRuBfc=,otcHvTsNXz8271rq7HlV8W1YYFM=
-14,19,+Ot7YzzGYilYNGTBcAVopYRuBfc=,otcHvTsNXz8271rq7HlV8W1YYFM=
-10,18,+Ot7YzzGYilYNGTBcAVopYRuBfc=,otcHvTsNXz8271rq7HlV8W1YYFM=
-14,18,+Ot7YzzGYilYNGTBcAVopYRuBfc=,otcHvTsNXz8271rq7HlV8W1YYFM=
-13,18,+Ot7YzzGYilYNGTBcAVopYRuBfc=,otcHvTsNXz8271rq7HlV8W1YYFM=
-15,18,+Ot7YzzGYilYNGTBcAVopYRuBfc=,otcHvTsNXz8271rq7HlV8W1YYFM=
-12,17,nGaUiaUmrqNUdfoigklo1cH9B1E=,otcHvTsNXz8271rq7HlV8W1YYFM=
-13,19,nGaUiaUmrqNUdfoigklo1cH9B1E=,otcHvTsNXz8271rq7HlV8W1YYFM=
-12,20,nGaUiaUmrqNUdfoigklo1cH9B1E=,otcHvTsNXz8271rq7HlV8W1YYFM=
-12,21,nGaUiaUmrqNUdfoigklo1cH9B1E=,otcHvTsNXz8271rq7HlV8W1YYFM=
-13,17,nGaUiaUmrqNUdfoigklo1cH9B1E=,otcHvTsNXz8271rq7HlV8W1YYFM=
-16,18,nGaUiaUmrqNUdfoigklo1cH9B1E=,otcHvTsNXz8271rq7HlV8W1YYFM=
-12,24,nGaUiaUmrqNUdfoigklo1cH9B1E=,soI0RfGRg81KKerjrp8KKfr6MxM=
-12,19,nGaUiaUmrqNUdfoigklo1cH9B1E=,otcHvTsNXz8271rq7HlV8W1YYFM=
-9,18,nGaUiaUmrqNUdfoigklo1cH9B1E=,otcHvTsNXz8271rq7HlV8W1YYFM=
-9,17,nGaUiaUmrqNUdfoigklo1cH9B1E=,otcHvTsNXz8271rq7HlV8W1YYFM=
-11,24,nGaUiaUmrqNUdfoigklo1cH9B1E=,soI0RfGRg81KKerjrp8KKfr6MxM=
-11,17,nGaUiaUmrqNUdfoigklo1cH9B1E=,otcHvTsNXz8271rq7HlV8W1YYFM=
-11,22,nGaUiaUmrqNUdfoigklo1cH9B1E=,otcHvTsNXz8271rq7HlV8W1YYFM=
-14,21,nGaUiaUmrqNUdfoigklo1cH9B1E=,otcHvTsNXz8271rq7HlV8W1YYFM=
-11,23,nGaUiaUmrqNUdfoigklo1cH9B1E=,otcHvTsNXz8271rq7HlV8W1YYFM=
-13,21,nGaUiaUmrqNUdfoigklo1cH9B1E=,otcHvTsNXz8271rq7HlV8W1YYFM=
-15,19,nGaUiaUmrqNUdfoigklo1cH9B1E=,otcHvTsNXz8271rq7HlV8W1YYFM=
-16,22,nGaUiaUmrqNUdfoigklo1cH9B1E=,otcHvTsNXz8271rq7HlV8W1YYFM=
-14,17,nGaUiaUmrqNUdfoigklo1cH9B1E=,otcHvTsNXz8271rq7HlV8W1YYFM=
-15,22,nGaUiaUmrqNUdfoigklo1cH9B1E=,otcHvTsNXz8271rq7HlV8W1YYFM=
-12,23,nGaUiaUmrqNUdfoigklo1cH9B1E=,otcHvTsNXz8271rq7HlV8W1YYFM=
-14,23,nGaUiaUmrqNUdfoigklo1cH9B1E=,otcHvTsNXz8271rq7HlV8W1YYFM=
-13,23,nGaUiaUmrqNUdfoigklo1cH9B1E=,otcHvTsNXz8271rq7HlV8W1YYFM=
-13,20,nGaUiaUmrqNUdfoigklo1cH9B1E=,otcHvTsNXz8271rq7HlV8W1YYFM=
-15,17,nGaUiaUmrqNUdfoigklo1cH9B1E=,otcHvTsNXz8271rq7HlV8W1YYFM=
-15,21,nGaUiaUmrqNUdfoigklo1cH9B1E=,otcHvTsNXz8271rq7HlV8W1YYFM=
-8,16,nGaUiaUmrqNUdfoigklo1cH9B1E=,JLj5akq6hep3p5ny0HyDJrIlSZ4=
-14,22,nGaUiaUmrqNUdfoigklo1cH9B1E=,otcHvTsNXz8271rq7HlV8W1YYFM=
-16,17,nGaUiaUmrqNUdfoigklo1cH9B1E=,otcHvTsNXz8271rq7HlV8W1YYFM=
-15,16,nGaUiaUmrqNUdfoigklo1cH9B1E=,otcHvTsNXz8271rq7HlV8W1YYFM=
-16,21,nGaUiaUmrqNUdfoigklo1cH9B1E=,otcHvTsNXz8271rq7HlV8W1YYFM=
-15,20,nGaUiaUmrqNUdfoigklo1cH9B1E=,otcHvTsNXz8271rq7HlV8W1YYFM=
-9,16,nGaUiaUmrqNUdfoigklo1cH9B1E=,otcHvTsNXz8271rq7HlV8W1YYFM=
-13,22,nGaUiaUmrqNUdfoigklo1cH9B1E=,otcHvTsNXz8271rq7HlV8W1YYFM=
-14,20,nGaUiaUmrqNUdfoigklo1cH9B1E=,otcHvTsNXz8271rq7HlV8W1YYFM=
-12,22,nGaUiaUmrqNUdfoigklo1cH9B1E=,otcHvTsNXz8271rq7HlV8W1YYFM=
-10,17,nGaUiaUmrqNUdfoigklo1cH9B1E=,otcHvTsNXz8271rq7HlV8W1YYFM=
-16,20,nGaUiaUmrqNUdfoigklo1cH9B1E=,otcHvTsNXz8271rq7HlV8W1YYFM=
-13,16,nGaUiaUmrqNUdfoigklo1cH9B1E=,otcHvTsNXz8271rq7HlV8W1YYFM=
-14,16,nGaUiaUmrqNUdfoigklo1cH9B1E=,otcHvTsNXz8271rq7HlV8W1YYFM=
-16,16,nGaUiaUmrqNUdfoigklo1cH9B1E=,otcHvTsNXz8271rq7HlV8W1YYFM=
-12,16,nGaUiaUmrqNUdfoigklo1cH9B1E=,otcHvTsNXz8271rq7HlV8W1YYFM=
-10,16,nGaUiaUmrqNUdfoigklo1cH9B1E=,otcHvTsNXz8271rq7HlV8W1YYFM=
-11,16,nGaUiaUmrqNUdfoigklo1cH9B1E=,otcHvTsNXz8271rq7HlV8W1YYFM=
-2,13,OigNTRgBh0oII60oXSsi/YNdY+8=,OMc/4ZrRq4Ow+VcBbg+1Sa3zx4E=
-3,13,OigNTRgBh0oII60oXSsi/YNdY+8=,OMc/4ZrRq4Ow+VcBbg+1Sa3zx4E=
-4,13,OigNTRgBh0oII60oXSsi/YNdY+8=,OMc/4ZrRq4Ow+VcBbg+1Sa3zx4E=
-5,13,OigNTRgBh0oII60oXSsi/YNdY+8=,OMc/4ZrRq4Ow+VcBbg+1Sa3zx4E=
-7,13,OigNTRgBh0oII60oXSsi/YNdY+8=,OMc/4ZrRq4Ow+VcBbg+1Sa3zx4E=
-6,13,OigNTRgBh0oII60oXSsi/YNdY+8=,OMc/4ZrRq4Ow+VcBbg+1Sa3zx4E=
-3,12,OigNTRgBh0oII60oXSsi/YNdY+8=,OMc/4ZrRq4Ow+VcBbg+1Sa3zx4E=
-7,12,OigNTRgBh0oII60oXSsi/YNdY+8=,OMc/4ZrRq4Ow+VcBbg+1Sa3zx4E=
-2,14,OigNTRgBh0oII60oXSsi/YNdY+8=,OMc/4ZrRq4Ow+VcBbg+1Sa3zx4E=
-3,14,OigNTRgBh0oII60oXSsi/YNdY+8=,OMc/4ZrRq4Ow+VcBbg+1Sa3zx4E=
-4,14,OigNTRgBh0oII60oXSsi/YNdY+8=,OMc/4ZrRq4Ow+VcBbg+1Sa3zx4E=
-5,14,OigNTRgBh0oII60oXSsi/YNdY+8=,OMc/4ZrRq4Ow+VcBbg+1Sa3zx4E=
-6,14,OigNTRgBh0oII60oXSsi/YNdY+8=,OMc/4ZrRq4Ow+VcBbg+1Sa3zx4E=
-7,14,OigNTRgBh0oII60oXSsi/YNdY+8=,OMc/4ZrRq4Ow+VcBbg+1Sa3zx4E=
-15,1,OigNTRgBh0oII60oXSsi/YNdY+8=,9SYxj6kG2PBVnOE0YRzsakrMxlA=
-8,1,7qlezuHb1TcL3HzhKC4Ti7RFxpk=,we+dy7lOxyi2nkrFQMuxMH3HIjc=
-9,2,OigNTRgBh0oII60oXSsi/YNdY+8=,9SYxj6kG2PBVnOE0YRzsakrMxlA=
-7,2,7qlezuHb1TcL3HzhKC4Ti7RFxpk=,we+dy7lOxyi2nkrFQMuxMH3HIjc=
-9,1,OigNTRgBh0oII60oXSsi/YNdY+8=,9SYxj6kG2PBVnOE0YRzsakrMxlA=
-6,1,7qlezuHb1TcL3HzhKC4Ti7RFxpk=,we+dy7lOxyi2nkrFQMuxMH3HIjc=
-8,2,7qlezuHb1TcL3HzhKC4Ti7RFxpk=,we+dy7lOxyi2nkrFQMuxMH3HIjc=
-7,1,7qlezuHb1TcL3HzhKC4Ti7RFxpk=,we+dy7lOxyi2nkrFQMuxMH3HIjc=
-7,0,7qlezuHb1TcL3HzhKC4Ti7RFxpk=,we+dy7lOxyi2nkrFQMuxMH3HIjc=
-4,0,3vkdp0o5gJOP/fFS0KaK52VFBxM=,we+dy7lOxyi2nkrFQMuxMH3HIjc=
-5,0,7qlezuHb1TcL3HzhKC4Ti7RFxpk=,we+dy7lOxyi2nkrFQMuxMH3HIjc=
-6,0,3vkdp0o5gJOP/fFS0KaK52VFBxM=,we+dy7lOxyi2nkrFQMuxMH3HIjc=
-8,11,OigNTRgBh0oII60oXSsi/YNdY+8=,OMc/4ZrRq4Ow+VcBbg+1Sa3zx4E=
-12,11,OigNTRgBh0oII60oXSsi/YNdY+8=,6k7xwjYobZb31kLacjpnc/DUxb8=
-11,11,OigNTRgBh0oII60oXSsi/YNdY+8=,6k7xwjYobZb31kLacjpnc/DUxb8=
-16,8,wTiVSNVi5Gj9tDLpRTPlcJK8sM4=,6k7xwjYobZb31kLacjpnc/DUxb8=
-10,11,wTiVSNVi5Gj9tDLpRTPlcJK8sM4=,6k7xwjYobZb31kLacjpnc/DUxb8=
-11,8,wTiVSNVi5Gj9tDLpRTPlcJK8sM4=,6k7xwjYobZb31kLacjpnc/DUxb8=
-16,0,wTiVSNVi5Gj9tDLpRTPlcJK8sM4=,9SYxj6kG2PBVnOE0YRzsakrMxlA=
-12,8,wTiVSNVi5Gj9tDLpRTPlcJK8sM4=,6k7xwjYobZb31kLacjpnc/DUxb8=
-12,7,wTiVSNVi5Gj9tDLpRTPlcJK8sM4=,9SYxj6kG2PBVnOE0YRzsakrMxlA=
-16,11,wTiVSNVi5Gj9tDLpRTPlcJK8sM4=,6k7xwjYobZb31kLacjpnc/DUxb8=
-8,9,wTiVSNVi5Gj9tDLpRTPlcJK8sM4=,OMc/4ZrRq4Ow+VcBbg+1Sa3zx4E=
-10,8,wTiVSNVi5Gj9tDLpRTPlcJK8sM4=,6k7xwjYobZb31kLacjpnc/DUxb8=
-8,7,7qlezuHb1TcL3HzhKC4Ti7RFxpk=,we+dy7lOxyi2nkrFQMuxMH3HIjc=
-15,11,wTiVSNVi5Gj9tDLpRTPlcJK8sM4=,6k7xwjYobZb31kLacjpnc/DUxb8=
-16,10,wTiVSNVi5Gj9tDLpRTPlcJK8sM4=,6k7xwjYobZb31kLacjpnc/DUxb8=
-13,0,wTiVSNVi5Gj9tDLpRTPlcJK8sM4=,9SYxj6kG2PBVnOE0YRzsakrMxlA=
-14,0,wTiVSNVi5Gj9tDLpRTPlcJK8sM4=,9SYxj6kG2PBVnOE0YRzsakrMxlA=
-16,14,wTiVSNVi5Gj9tDLpRTPlcJK8sM4=,6k7xwjYobZb31kLacjpnc/DUxb8=
-5,1,7qlezuHb1TcL3HzhKC4Ti7RFxpk=,we+dy7lOxyi2nkrFQMuxMH3HIjc=
-16,13,wTiVSNVi5Gj9tDLpRTPlcJK8sM4=,6k7xwjYobZb31kLacjpnc/DUxb8=
-9,11,wTiVSNVi5Gj9tDLpRTPlcJK8sM4=,6k7xwjYobZb31kLacjpnc/DUxb8=
-16,9,wTiVSNVi5Gj9tDLpRTPlcJK8sM4=,6k7xwjYobZb31kLacjpnc/DUxb8=
-16,12,wTiVSNVi5Gj9tDLpRTPlcJK8sM4=,6k7xwjYobZb31kLacjpnc/DUxb8=
-14,11,wTiVSNVi5Gj9tDLpRTPlcJK8sM4=,6k7xwjYobZb31kLacjpnc/DUxb8=
-9,3,wTiVSNVi5Gj9tDLpRTPlcJK8sM4=,9SYxj6kG2PBVnOE0YRzsakrMxlA=
-15,15,wTiVSNVi5Gj9tDLpRTPlcJK8sM4=,6k7xwjYobZb31kLacjpnc/DUxb8=
-9,8,wTiVSNVi5Gj9tDLpRTPlcJK8sM4=,6k7xwjYobZb31kLacjpnc/DUxb8=
-9,7,wTiVSNVi5Gj9tDLpRTPlcJK8sM4=,9SYxj6kG2PBVnOE0YRzsakrMxlA=
-6,2,7qlezuHb1TcL3HzhKC4Ti7RFxpk=,we+dy7lOxyi2nkrFQMuxMH3HIjc=
-13,11,wTiVSNVi5Gj9tDLpRTPlcJK8sM4=,6k7xwjYobZb31kLacjpnc/DUxb8=
-8,8,wTiVSNVi5Gj9tDLpRTPlcJK8sM4=,OMc/4ZrRq4Ow+VcBbg+1Sa3zx4E=
-10,10,wTiVSNVi5Gj9tDLpRTPlcJK8sM4=,6k7xwjYobZb31kLacjpnc/DUxb8=
-12,9,wTiVSNVi5Gj9tDLpRTPlcJK8sM4=,6k7xwjYobZb31kLacjpnc/DUxb8=
-5,2,7qlezuHb1TcL3HzhKC4Ti7RFxpk=,we+dy7lOxyi2nkrFQMuxMH3HIjc=
-15,7,wTiVSNVi5Gj9tDLpRTPlcJK8sM4=,9SYxj6kG2PBVnOE0YRzsakrMxlA=
-8,3,7qlezuHb1TcL3HzhKC4Ti7RFxpk=,we+dy7lOxyi2nkrFQMuxMH3HIjc=
-13,15,wTiVSNVi5Gj9tDLpRTPlcJK8sM4=,6k7xwjYobZb31kLacjpnc/DUxb8=
-14,7,wTiVSNVi5Gj9tDLpRTPlcJK8sM4=,9SYxj6kG2PBVnOE0YRzsakrMxlA=
-7,3,7qlezuHb1TcL3HzhKC4Ti7RFxpk=,we+dy7lOxyi2nkrFQMuxMH3HIjc=
-14,15,wTiVSNVi5Gj9tDLpRTPlcJK8sM4=,6k7xwjYobZb31kLacjpnc/DUxb8=
-6,3,3vkdp0o5gJOP/fFS0KaK52VFBxM=,we+dy7lOxyi2nkrFQMuxMH3HIjc=
-11,9,wTiVSNVi5Gj9tDLpRTPlcJK8sM4=,6k7xwjYobZb31kLacjpnc/DUxb8=
-15,12,wTiVSNVi5Gj9tDLpRTPlcJK8sM4=,6k7xwjYobZb31kLacjpnc/DUxb8=
-11,10,wTiVSNVi5Gj9tDLpRTPlcJK8sM4=,6k7xwjYobZb31kLacjpnc/DUxb8=
-10,7,wTiVSNVi5Gj9tDLpRTPlcJK8sM4=,9SYxj6kG2PBVnOE0YRzsakrMxlA=
-15,0,wTiVSNVi5Gj9tDLpRTPlcJK8sM4=,9SYxj6kG2PBVnOE0YRzsakrMxlA=
-9,0,wTiVSNVi5Gj9tDLpRTPlcJK8sM4=,9SYxj6kG2PBVnOE0YRzsakrMxlA=
-5,8,wTiVSNVi5Gj9tDLpRTPlcJK8sM4=,OMc/4ZrRq4Ow+VcBbg+1Sa3zx4E=
-10,0,wTiVSNVi5Gj9tDLpRTPlcJK8sM4=,9SYxj6kG2PBVnOE0YRzsakrMxlA=
-8,0,7qlezuHb1TcL3HzhKC4Ti7RFxpk=,we+dy7lOxyi2nkrFQMuxMH3HIjc=
-5,11,wTiVSNVi5Gj9tDLpRTPlcJK8sM4=,OMc/4ZrRq4Ow+VcBbg+1Sa3zx4E=
-6,11,wTiVSNVi5Gj9tDLpRTPlcJK8sM4=,OMc/4ZrRq4Ow+VcBbg+1Sa3zx4E=
-13,7,0hHY9c2ptgZ1k9G10ICcbp8rs3o=,9SYxj6kG2PBVnOE0YRzsakrMxlA=
-11,0,0hHY9c2ptgZ1k9G10ICcbp8rs3o=,9SYxj6kG2PBVnOE0YRzsakrMxlA=
-10,9,0hHY9c2ptgZ1k9G10ICcbp8rs3o=,6k7xwjYobZb31kLacjpnc/DUxb8=
-7,11,0hHY9c2ptgZ1k9G10ICcbp8rs3o=,OMc/4ZrRq4Ow+VcBbg+1Sa3zx4E=
-5,3,3vkdp0o5gJOP/fFS0KaK52VFBxM=,we+dy7lOxyi2nkrFQMuxMH3HIjc=
-8,10,0hHY9c2ptgZ1k9G10ICcbp8rs3o=,OMc/4ZrRq4Ow+VcBbg+1Sa3zx4E=
-14,3,0hHY9c2ptgZ1k9G10ICcbp8rs3o=,9SYxj6kG2PBVnOE0YRzsakrMxlA=
-15,3,0hHY9c2ptgZ1k9G10ICcbp8rs3o=,9SYxj6kG2PBVnOE0YRzsakrMxlA=
-5,10,0hHY9c2ptgZ1k9G10ICcbp8rs3o=,OMc/4ZrRq4Ow+VcBbg+1Sa3zx4E=
-13,1,0hHY9c2ptgZ1k9G10ICcbp8rs3o=,9SYxj6kG2PBVnOE0YRzsakrMxlA=
-12,0,0hHY9c2ptgZ1k9G10ICcbp8rs3o=,9SYxj6kG2PBVnOE0YRzsakrMxlA=
-13,3,0hHY9c2ptgZ1k9G10ICcbp8rs3o=,9SYxj6kG2PBVnOE0YRzsakrMxlA=
-12,3,0hHY9c2ptgZ1k9G10ICcbp8rs3o=,9SYxj6kG2PBVnOE0YRzsakrMxlA=
-14,12,0hHY9c2ptgZ1k9G10ICcbp8rs3o=,6k7xwjYobZb31kLacjpnc/DUxb8=
-11,3,0hHY9c2ptgZ1k9G10ICcbp8rs3o=,9SYxj6kG2PBVnOE0YRzsakrMxlA=
-13,10,0hHY9c2ptgZ1k9G10ICcbp8rs3o=,6k7xwjYobZb31kLacjpnc/DUxb8=
-10,1,0hHY9c2ptgZ1k9G10ICcbp8rs3o=,9SYxj6kG2PBVnOE0YRzsakrMxlA=
-14,1,0hHY9c2ptgZ1k9G10ICcbp8rs3o=,9SYxj6kG2PBVnOE0YRzsakrMxlA=
-10,2,0hHY9c2ptgZ1k9G10ICcbp8rs3o=,9SYxj6kG2PBVnOE0YRzsakrMxlA=
-12,10,0hHY9c2ptgZ1k9G10ICcbp8rs3o=,6k7xwjYobZb31kLacjpnc/DUxb8=
-13,12,0hHY9c2ptgZ1k9G10ICcbp8rs3o=,6k7xwjYobZb31kLacjpnc/DUxb8=
-14,10,0hHY9c2ptgZ1k9G10ICcbp8rs3o=,6k7xwjYobZb31kLacjpnc/DUxb8=
-10,3,0hHY9c2ptgZ1k9G10ICcbp8rs3o=,9SYxj6kG2PBVnOE0YRzsakrMxlA=
-11,7,0hHY9c2ptgZ1k9G10ICcbp8rs3o=,9SYxj6kG2PBVnOE0YRzsakrMxlA=
-9,9,0hHY9c2ptgZ1k9G10ICcbp8rs3o=,6k7xwjYobZb31kLacjpnc/DUxb8=
-15,10,0hHY9c2ptgZ1k9G10ICcbp8rs3o=,6k7xwjYobZb31kLacjpnc/DUxb8=
-6,8,0hHY9c2ptgZ1k9G10ICcbp8rs3o=,OMc/4ZrRq4Ow+VcBbg+1Sa3zx4E=
-12,2,0hHY9c2ptgZ1k9G10ICcbp8rs3o=,9SYxj6kG2PBVnOE0YRzsakrMxlA=
-15,13,0hHY9c2ptgZ1k9G10ICcbp8rs3o=,6k7xwjYobZb31kLacjpnc/DUxb8=
-11,2,0hHY9c2ptgZ1k9G10ICcbp8rs3o=,9SYxj6kG2PBVnOE0YRzsakrMxlA=
-13,2,0hHY9c2ptgZ1k9G10ICcbp8rs3o=,9SYxj6kG2PBVnOE0YRzsakrMxlA=
-14,2,0hHY9c2ptgZ1k9G10ICcbp8rs3o=,9SYxj6kG2PBVnOE0YRzsakrMxlA=
-1,13,0hHY9c2ptgZ1k9G10ICcbp8rs3o=,OMc/4ZrRq4Ow+VcBbg+1Sa3zx4E=
-1,14,0hHY9c2ptgZ1k9G10ICcbp8rs3o=,OMc/4ZrRq4Ow+VcBbg+1Sa3zx4E=
-16,1,0hHY9c2ptgZ1k9G10ICcbp8rs3o=,9SYxj6kG2PBVnOE0YRzsakrMxlA=
-13,9,0hHY9c2ptgZ1k9G10ICcbp8rs3o=,6k7xwjYobZb31kLacjpnc/DUxb8=
-16,2,0hHY9c2ptgZ1k9G10ICcbp8rs3o=,9SYxj6kG2PBVnOE0YRzsakrMxlA=
-7,15,0hHY9c2ptgZ1k9G10ICcbp8rs3o=,OMc/4ZrRq4Ow+VcBbg+1Sa3zx4E=
-6,15,0hHY9c2ptgZ1k9G10ICcbp8rs3o=,OMc/4ZrRq4Ow+VcBbg+1Sa3zx4E=
-5,15,0hHY9c2ptgZ1k9G10ICcbp8rs3o=,OMc/4ZrRq4Ow+VcBbg+1Sa3zx4E=
-4,15,0hHY9c2ptgZ1k9G10ICcbp8rs3o=,OMc/4ZrRq4Ow+VcBbg+1Sa3zx4E=
-3,15,0hHY9c2ptgZ1k9G10ICcbp8rs3o=,OMc/4ZrRq4Ow+VcBbg+1Sa3zx4E=
-2,15,0hHY9c2ptgZ1k9G10ICcbp8rs3o=,OMc/4ZrRq4Ow+VcBbg+1Sa3zx4E=
-9,4,0hHY9c2ptgZ1k9G10ICcbp8rs3o=,9SYxj6kG2PBVnOE0YRzsakrMxlA=
-12,1,0hHY9c2ptgZ1k9G10ICcbp8rs3o=,9SYxj6kG2PBVnOE0YRzsakrMxlA=
-15,2,0hHY9c2ptgZ1k9G10ICcbp8rs3o=,9SYxj6kG2PBVnOE0YRzsakrMxlA=
-11,1,0hHY9c2ptgZ1k9G10ICcbp8rs3o=,9SYxj6kG2PBVnOE0YRzsakrMxlA=
-14,13,0hHY9c2ptgZ1k9G10ICcbp8rs3o=,6k7xwjYobZb31kLacjpnc/DUxb8=
-15,14,0hHY9c2ptgZ1k9G10ICcbp8rs3o=,6k7xwjYobZb31kLacjpnc/DUxb8=
-13,13,aWlE2Ywt1WC3V+AZYCts3kFZDB4=,6k7xwjYobZb31kLacjpnc/DUxb8=
-13,14,aWlE2Ywt1WC3V+AZYCts3kFZDB4=,6k7xwjYobZb31kLacjpnc/DUxb8=
-14,14,aWlE2Ywt1WC3V+AZYCts3kFZDB4=,6k7xwjYobZb31kLacjpnc/DUxb8=
-16,5,aWlE2Ywt1WC3V+AZYCts3kFZDB4=,9SYxj6kG2PBVnOE0YRzsakrMxlA=
-16,6,aWlE2Ywt1WC3V+AZYCts3kFZDB4=,9SYxj6kG2PBVnOE0YRzsakrMxlA=
-16,4,aWlE2Ywt1WC3V+AZYCts3kFZDB4=,9SYxj6kG2PBVnOE0YRzsakrMxlA=
-16,3,aWlE2Ywt1WC3V+AZYCts3kFZDB4=,9SYxj6kG2PBVnOE0YRzsakrMxlA=
-16,15,aWlE2Ywt1WC3V+AZYCts3kFZDB4=,6k7xwjYobZb31kLacjpnc/DUxb8=
-9,15,aWlE2Ywt1WC3V+AZYCts3kFZDB4=,6k7xwjYobZb31kLacjpnc/DUxb8=
-14,9,aWlE2Ywt1WC3V+AZYCts3kFZDB4=,6k7xwjYobZb31kLacjpnc/DUxb8=
-6,10,aWlE2Ywt1WC3V+AZYCts3kFZDB4=,OMc/4ZrRq4Ow+VcBbg+1Sa3zx4E=
-9,10,aWlE2Ywt1WC3V+AZYCts3kFZDB4=,6k7xwjYobZb31kLacjpnc/DUxb8=
-7,8,aWlE2Ywt1WC3V+AZYCts3kFZDB4=,OMc/4ZrRq4Ow+VcBbg+1Sa3zx4E=
-16,7,aWlE2Ywt1WC3V+AZYCts3kFZDB4=,9SYxj6kG2PBVnOE0YRzsakrMxlA=
-1,7,7qlezuHb1TcL3HzhKC4Ti7RFxpk=,we+dy7lOxyi2nkrFQMuxMH3HIjc=
-1,3,3vkdp0o5gJOP/fFS0KaK52VFBxM=,we+dy7lOxyi2nkrFQMuxMH3HIjc=
-10,15,aWlE2Ywt1WC3V+AZYCts3kFZDB4=,6k7xwjYobZb31kLacjpnc/DUxb8=
-13,4,aWlE2Ywt1WC3V+AZYCts3kFZDB4=,9SYxj6kG2PBVnOE0YRzsakrMxlA=
-1,0,7qlezuHb1TcL3HzhKC4Ti7RFxpk=,we+dy7lOxyi2nkrFQMuxMH3HIjc=
-15,9,aWlE2Ywt1WC3V+AZYCts3kFZDB4=,6k7xwjYobZb31kLacjpnc/DUxb8=
-1,2,7qlezuHb1TcL3HzhKC4Ti7RFxpk=,we+dy7lOxyi2nkrFQMuxMH3HIjc=
-8,4,3vkdp0o5gJOP/fFS0KaK52VFBxM=,we+dy7lOxyi2nkrFQMuxMH3HIjc=
-15,6,aWlE2Ywt1WC3V+AZYCts3kFZDB4=,9SYxj6kG2PBVnOE0YRzsakrMxlA=
-14,6,aWlE2Ywt1WC3V+AZYCts3kFZDB4=,9SYxj6kG2PBVnOE0YRzsakrMxlA=
-7,9,aWlE2Ywt1WC3V+AZYCts3kFZDB4=,OMc/4ZrRq4Ow+VcBbg+1Sa3zx4E=
-11,15,aWlE2Ywt1WC3V+AZYCts3kFZDB4=,6k7xwjYobZb31kLacjpnc/DUxb8=
-1,1,7qlezuHb1TcL3HzhKC4Ti7RFxpk=,we+dy7lOxyi2nkrFQMuxMH3HIjc=
-1,5,3vkdp0o5gJOP/fFS0KaK52VFBxM=,we+dy7lOxyi2nkrFQMuxMH3HIjc=
-3,0,7qlezuHb1TcL3HzhKC4Ti7RFxpk=,we+dy7lOxyi2nkrFQMuxMH3HIjc=
-13,8,aWlE2Ywt1WC3V+AZYCts3kFZDB4=,6k7xwjYobZb31kLacjpnc/DUxb8=
-11,5,aWlE2Ywt1WC3V+AZYCts3kFZDB4=,9SYxj6kG2PBVnOE0YRzsakrMxlA=
-2,0,3vkdp0o5gJOP/fFS0KaK52VFBxM=,we+dy7lOxyi2nkrFQMuxMH3HIjc=
-6,9,aWlE2Ywt1WC3V+AZYCts3kFZDB4=,OMc/4ZrRq4Ow+VcBbg+1Sa3zx4E=
-4,1,7qlezuHb1TcL3HzhKC4Ti7RFxpk=,we+dy7lOxyi2nkrFQMuxMH3HIjc=
-7,4,3vkdp0o5gJOP/fFS0KaK52VFBxM=,we+dy7lOxyi2nkrFQMuxMH3HIjc=
-3,1,7qlezuHb1TcL3HzhKC4Ti7RFxpk=,we+dy7lOxyi2nkrFQMuxMH3HIjc=
-2,3,3vkdp0o5gJOP/fFS0KaK52VFBxM=,we+dy7lOxyi2nkrFQMuxMH3HIjc=
-1,4,3vkdp0o5gJOP/fFS0KaK52VFBxM=,we+dy7lOxyi2nkrFQMuxMH3HIjc=
-11,6,aWlE2Ywt1WC3V+AZYCts3kFZDB4=,9SYxj6kG2PBVnOE0YRzsakrMxlA=
-15,5,aWlE2Ywt1WC3V+AZYCts3kFZDB4=,9SYxj6kG2PBVnOE0YRzsakrMxlA=
-12,15,aWlE2Ywt1WC3V+AZYCts3kFZDB4=,6k7xwjYobZb31kLacjpnc/DUxb8=
-2,2,7qlezuHb1TcL3HzhKC4Ti7RFxpk=,we+dy7lOxyi2nkrFQMuxMH3HIjc=
-7,10,aWlE2Ywt1WC3V+AZYCts3kFZDB4=,OMc/4ZrRq4Ow+VcBbg+1Sa3zx4E=
-3,3,3vkdp0o5gJOP/fFS0KaK52VFBxM=,we+dy7lOxyi2nkrFQMuxMH3HIjc=
-4,2,7qlezuHb1TcL3HzhKC4Ti7RFxpk=,we+dy7lOxyi2nkrFQMuxMH3HIjc=
-3,2,7qlezuHb1TcL3HzhKC4Ti7RFxpk=,we+dy7lOxyi2nkrFQMuxMH3HIjc=
-14,8,v0sWeTwa5k9PtyNM52nLSKmb/xA=,6k7xwjYobZb31kLacjpnc/DUxb8=
-4,3,3vkdp0o5gJOP/fFS0KaK52VFBxM=,we+dy7lOxyi2nkrFQMuxMH3HIjc=
-15,4,v0sWeTwa5k9PtyNM52nLSKmb/xA=,9SYxj6kG2PBVnOE0YRzsakrMxlA=
-12,12,v0sWeTwa5k9PtyNM52nLSKmb/xA=,6k7xwjYobZb31kLacjpnc/DUxb8=
-2,1,7qlezuHb1TcL3HzhKC4Ti7RFxpk=,we+dy7lOxyi2nkrFQMuxMH3HIjc=
-13,5,v0sWeTwa5k9PtyNM52nLSKmb/xA=,9SYxj6kG2PBVnOE0YRzsakrMxlA=
-14,5,v0sWeTwa5k9PtyNM52nLSKmb/xA=,9SYxj6kG2PBVnOE0YRzsakrMxlA=
-14,4,v0sWeTwa5k9PtyNM52nLSKmb/xA=,9SYxj6kG2PBVnOE0YRzsakrMxlA=
-5,9,v0sWeTwa5k9PtyNM52nLSKmb/xA=,OMc/4ZrRq4Ow+VcBbg+1Sa3zx4E=
-13,6,v0sWeTwa5k9PtyNM52nLSKmb/xA=,9SYxj6kG2PBVnOE0YRzsakrMxlA=
-10,6,v0sWeTwa5k9PtyNM52nLSKmb/xA=,9SYxj6kG2PBVnOE0YRzsakrMxlA=
-6,4,7qlezuHb1TcL3HzhKC4Ti7RFxpk=,we+dy7lOxyi2nkrFQMuxMH3HIjc=
-10,5,v0sWeTwa5k9PtyNM52nLSKmb/xA=,9SYxj6kG2PBVnOE0YRzsakrMxlA=
-11,12,v0sWeTwa5k9PtyNM52nLSKmb/xA=,6k7xwjYobZb31kLacjpnc/DUxb8=
-12,4,v0sWeTwa5k9PtyNM52nLSKmb/xA=,9SYxj6kG2PBVnOE0YRzsakrMxlA=
-12,13,v0sWeTwa5k9PtyNM52nLSKmb/xA=,6k7xwjYobZb31kLacjpnc/DUxb8=
-10,12,v0sWeTwa5k9PtyNM52nLSKmb/xA=,6k7xwjYobZb31kLacjpnc/DUxb8=
-15,8,v0sWeTwa5k9PtyNM52nLSKmb/xA=,6k7xwjYobZb31kLacjpnc/DUxb8=
-11,4,v0sWeTwa5k9PtyNM52nLSKmb/xA=,9SYxj6kG2PBVnOE0YRzsakrMxlA=
-1,6,3vkdp0o5gJOP/fFS0KaK52VFBxM=,we+dy7lOxyi2nkrFQMuxMH3HIjc=
-11,13,v0sWeTwa5k9PtyNM52nLSKmb/xA=,6k7xwjYobZb31kLacjpnc/DUxb8=
-12,14,v0sWeTwa5k9PtyNM52nLSKmb/xA=,6k7xwjYobZb31kLacjpnc/DUxb8=
-10,13,v0sWeTwa5k9PtyNM52nLSKmb/xA=,6k7xwjYobZb31kLacjpnc/DUxb8=
-8,15,v0sWeTwa5k9PtyNM52nLSKmb/xA=,OMc/4ZrRq4Ow+VcBbg+1Sa3zx4E=
-11,14,v0sWeTwa5k9PtyNM52nLSKmb/xA=,6k7xwjYobZb31kLacjpnc/DUxb8=
-1,15,v0sWeTwa5k9PtyNM52nLSKmb/xA=,OMc/4ZrRq4Ow+VcBbg+1Sa3zx4E=
-1,12,v0sWeTwa5k9PtyNM52nLSKmb/xA=,OMc/4ZrRq4Ow+VcBbg+1Sa3zx4E=
-9,12,v0sWeTwa5k9PtyNM52nLSKmb/xA=,6k7xwjYobZb31kLacjpnc/DUxb8=
-8,12,v0sWeTwa5k9PtyNM52nLSKmb/xA=,OMc/4ZrRq4Ow+VcBbg+1Sa3zx4E=
-5,4,7qlezuHb1TcL3HzhKC4Ti7RFxpk=,we+dy7lOxyi2nkrFQMuxMH3HIjc=
-5,12,v0sWeTwa5k9PtyNM52nLSKmb/xA=,OMc/4ZrRq4Ow+VcBbg+1Sa3zx4E=
-9,13,v0sWeTwa5k9PtyNM52nLSKmb/xA=,6k7xwjYobZb31kLacjpnc/DUxb8=
-8,13,v0sWeTwa5k9PtyNM52nLSKmb/xA=,OMc/4ZrRq4Ow+VcBbg+1Sa3zx4E=
-9,14,v0sWeTwa5k9PtyNM52nLSKmb/xA=,6k7xwjYobZb31kLacjpnc/DUxb8=
-6,12,v0sWeTwa5k9PtyNM52nLSKmb/xA=,OMc/4ZrRq4Ow+VcBbg+1Sa3zx4E=
-8,14,v0sWeTwa5k9PtyNM52nLSKmb/xA=,OMc/4ZrRq4Ow+VcBbg+1Sa3zx4E=
-2,12,v0sWeTwa5k9PtyNM52nLSKmb/xA=,OMc/4ZrRq4Ow+VcBbg+1Sa3zx4E=
-10,14,v0sWeTwa5k9PtyNM52nLSKmb/xA=,6k7xwjYobZb31kLacjpnc/DUxb8=
-1,11,v0sWeTwa5k9PtyNM52nLSKmb/xA=,OMc/4ZrRq4Ow+VcBbg+1Sa3zx4E=
-4,12,v0sWeTwa5k9PtyNM52nLSKmb/xA=,OMc/4ZrRq4Ow+VcBbg+1Sa3zx4E=
-4,4,3vkdp0o5gJOP/fFS0KaK52VFBxM=,we+dy7lOxyi2nkrFQMuxMH3HIjc=
-2,11,v0sWeTwa5k9PtyNM52nLSKmb/xA=,OMc/4ZrRq4Ow+VcBbg+1Sa3zx4E=
-3,11,v0sWeTwa5k9PtyNM52nLSKmb/xA=,OMc/4ZrRq4Ow+VcBbg+1Sa3zx4E=
-4,11,v0sWeTwa5k9PtyNM52nLSKmb/xA=,OMc/4ZrRq4Ow+VcBbg+1Sa3zx4E=
-8,5,3vkdp0o5gJOP/fFS0KaK52VFBxM=,we+dy7lOxyi2nkrFQMuxMH3HIjc=
-3,10,Ua1zR9GyyWhfXJ0EJ1DVWgAMJ58=,OMc/4ZrRq4Ow+VcBbg+1Sa3zx4E=
-1,10,Ua1zR9GyyWhfXJ0EJ1DVWgAMJ58=,OMc/4ZrRq4Ow+VcBbg+1Sa3zx4E=
-4,10,Ua1zR9GyyWhfXJ0EJ1DVWgAMJ58=,OMc/4ZrRq4Ow+VcBbg+1Sa3zx4E=
-4,6,3vkdp0o5gJOP/fFS0KaK52VFBxM=,we+dy7lOxyi2nkrFQMuxMH3HIjc=
-3,6,3vkdp0o5gJOP/fFS0KaK52VFBxM=,we+dy7lOxyi2nkrFQMuxMH3HIjc=
-2,6,3vkdp0o5gJOP/fFS0KaK52VFBxM=,we+dy7lOxyi2nkrFQMuxMH3HIjc=
-3,4,3vkdp0o5gJOP/fFS0KaK52VFBxM=,we+dy7lOxyi2nkrFQMuxMH3HIjc=
-2,10,Ua1zR9GyyWhfXJ0EJ1DVWgAMJ58=,OMc/4ZrRq4Ow+VcBbg+1Sa3zx4E=
-12,5,Ua1zR9GyyWhfXJ0EJ1DVWgAMJ58=,9SYxj6kG2PBVnOE0YRzsakrMxlA=
-10,4,Ua1zR9GyyWhfXJ0EJ1DVWgAMJ58=,9SYxj6kG2PBVnOE0YRzsakrMxlA=
-4,7,3vkdp0o5gJOP/fFS0KaK52VFBxM=,we+dy7lOxyi2nkrFQMuxMH3HIjc=
-7,7,3vkdp0o5gJOP/fFS0KaK52VFBxM=,we+dy7lOxyi2nkrFQMuxMH3HIjc=
-2,9,Ua1zR9GyyWhfXJ0EJ1DVWgAMJ58=,OMc/4ZrRq4Ow+VcBbg+1Sa3zx4E=
-7,5,3vkdp0o5gJOP/fFS0KaK52VFBxM=,we+dy7lOxyi2nkrFQMuxMH3HIjc=
-2,8,Ua1zR9GyyWhfXJ0EJ1DVWgAMJ58=,OMc/4ZrRq4Ow+VcBbg+1Sa3zx4E=
-3,9,Ua1zR9GyyWhfXJ0EJ1DVWgAMJ58=,OMc/4ZrRq4Ow+VcBbg+1Sa3zx4E=
-4,9,Ua1zR9GyyWhfXJ0EJ1DVWgAMJ58=,OMc/4ZrRq4Ow+VcBbg+1Sa3zx4E=
-4,8,Ua1zR9GyyWhfXJ0EJ1DVWgAMJ58=,OMc/4ZrRq4Ow+VcBbg+1Sa3zx4E=
-1,9,Ua1zR9GyyWhfXJ0EJ1DVWgAMJ58=,OMc/4ZrRq4Ow+VcBbg+1Sa3zx4E=
-12,6,Ua1zR9GyyWhfXJ0EJ1DVWgAMJ58=,9SYxj6kG2PBVnOE0YRzsakrMxlA=
-1,8,Ua1zR9GyyWhfXJ0EJ1DVWgAMJ58=,OMc/4ZrRq4Ow+VcBbg+1Sa3zx4E=
-3,8,Ua1zR9GyyWhfXJ0EJ1DVWgAMJ58=,OMc/4ZrRq4Ow+VcBbg+1Sa3zx4E=
-2,4,3vkdp0o5gJOP/fFS0KaK52VFBxM=,we+dy7lOxyi2nkrFQMuxMH3HIjc=
-4,5,3vkdp0o5gJOP/fFS0KaK52VFBxM=,we+dy7lOxyi2nkrFQMuxMH3HIjc=
-2,7,3vkdp0o5gJOP/fFS0KaK52VFBxM=,we+dy7lOxyi2nkrFQMuxMH3HIjc=
-2,5,3vkdp0o5gJOP/fFS0KaK52VFBxM=,we+dy7lOxyi2nkrFQMuxMH3HIjc=
-3,5,3vkdp0o5gJOP/fFS0KaK52VFBxM=,we+dy7lOxyi2nkrFQMuxMH3HIjc=
-3,7,3vkdp0o5gJOP/fFS0KaK52VFBxM=,we+dy7lOxyi2nkrFQMuxMH3HIjc=
-5,5,3vkdp0o5gJOP/fFS0KaK52VFBxM=,we+dy7lOxyi2nkrFQMuxMH3HIjc=
-6,5,cCDEN0es4ADX2hxtCwAvnVayL50=,we+dy7lOxyi2nkrFQMuxMH3HIjc=
-9,5,sKA4kXWVrrmsivAxWEARViW71P4=,9SYxj6kG2PBVnOE0YRzsakrMxlA=
-8,6,3vkdp0o5gJOP/fFS0KaK52VFBxM=,we+dy7lOxyi2nkrFQMuxMH3HIjc=
-9,6,sKA4kXWVrrmsivAxWEARViW71P4=,9SYxj6kG2PBVnOE0YRzsakrMxlA=
-7,6,3vkdp0o5gJOP/fFS0KaK52VFBxM=,we+dy7lOxyi2nkrFQMuxMH3HIjc=
-6,6,3vkdp0o5gJOP/fFS0KaK52VFBxM=,we+dy7lOxyi2nkrFQMuxMH3HIjc=
-5,6,3vkdp0o5gJOP/fFS0KaK52VFBxM=,we+dy7lOxyi2nkrFQMuxMH3HIjc=
-5,7,3vkdp0o5gJOP/fFS0KaK52VFBxM=,we+dy7lOxyi2nkrFQMuxMH3HIjc=
-6,7,3vkdp0o5gJOP/fFS0KaK52VFBxM=,we+dy7lOxyi2nkrFQMuxMH3HIjc=
-23,1,Kwy/Jvhi6NZsAQfP+zEAFz+T8/U=,HgWoMsPvujj0ncjjfXH9XofUSKg=
-22,1,Kwy/Jvhi6NZsAQfP+zEAFz+T8/U=,HgWoMsPvujj0ncjjfXH9XofUSKg=
-22,6,Kwy/Jvhi6NZsAQfP+zEAFz+T8/U=,HgWoMsPvujj0ncjjfXH9XofUSKg=
-18,3,Kwy/Jvhi6NZsAQfP+zEAFz+T8/U=,HgWoMsPvujj0ncjjfXH9XofUSKg=
-19,3,Kwy/Jvhi6NZsAQfP+zEAFz+T8/U=,HgWoMsPvujj0ncjjfXH9XofUSKg=
-23,6,Kwy/Jvhi6NZsAQfP+zEAFz+T8/U=,HgWoMsPvujj0ncjjfXH9XofUSKg=
-22,5,Kwy/Jvhi6NZsAQfP+zEAFz+T8/U=,HgWoMsPvujj0ncjjfXH9XofUSKg=
-23,5,Kwy/Jvhi6NZsAQfP+zEAFz+T8/U=,HgWoMsPvujj0ncjjfXH9XofUSKg=
-20,4,Kwy/Jvhi6NZsAQfP+zEAFz+T8/U=,HgWoMsPvujj0ncjjfXH9XofUSKg=
-20,3,Kwy/Jvhi6NZsAQfP+zEAFz+T8/U=,HgWoMsPvujj0ncjjfXH9XofUSKg=
-21,3,Kwy/Jvhi6NZsAQfP+zEAFz+T8/U=,HgWoMsPvujj0ncjjfXH9XofUSKg=
-22,3,Kwy/Jvhi6NZsAQfP+zEAFz+T8/U=,HgWoMsPvujj0ncjjfXH9XofUSKg=
-23,3,Kwy/Jvhi6NZsAQfP+zEAFz+T8/U=,HgWoMsPvujj0ncjjfXH9XofUSKg=
-18,2,Kwy/Jvhi6NZsAQfP+zEAFz+T8/U=,HgWoMsPvujj0ncjjfXH9XofUSKg=
-19,2,Kwy/Jvhi6NZsAQfP+zEAFz+T8/U=,HgWoMsPvujj0ncjjfXH9XofUSKg=
-21,4,Kwy/Jvhi6NZsAQfP+zEAFz+T8/U=,HgWoMsPvujj0ncjjfXH9XofUSKg=
-22,4,Kwy/Jvhi6NZsAQfP+zEAFz+T8/U=,HgWoMsPvujj0ncjjfXH9XofUSKg=
-23,4,Kwy/Jvhi6NZsAQfP+zEAFz+T8/U=,HgWoMsPvujj0ncjjfXH9XofUSKg=
-20,2,Kwy/Jvhi6NZsAQfP+zEAFz+T8/U=,HgWoMsPvujj0ncjjfXH9XofUSKg=
-21,2,Kwy/Jvhi6NZsAQfP+zEAFz+T8/U=,HgWoMsPvujj0ncjjfXH9XofUSKg=
-22,2,Kwy/Jvhi6NZsAQfP+zEAFz+T8/U=,HgWoMsPvujj0ncjjfXH9XofUSKg=
-23,2,Kwy/Jvhi6NZsAQfP+zEAFz+T8/U=,HgWoMsPvujj0ncjjfXH9XofUSKg=
-18,1,Kwy/Jvhi6NZsAQfP+zEAFz+T8/U=,HgWoMsPvujj0ncjjfXH9XofUSKg=
-19,1,Kwy/Jvhi6NZsAQfP+zEAFz+T8/U=,HgWoMsPvujj0ncjjfXH9XofUSKg=
-20,1,Kwy/Jvhi6NZsAQfP+zEAFz+T8/U=,HgWoMsPvujj0ncjjfXH9XofUSKg=
-21,1,Kwy/Jvhi6NZsAQfP+zEAFz+T8/U=,HgWoMsPvujj0ncjjfXH9XofUSKg=
-17,1,Kwy/Jvhi6NZsAQfP+zEAFz+T8/U=,HgWoMsPvujj0ncjjfXH9XofUSKg=
-17,2,Kwy/Jvhi6NZsAQfP+zEAFz+T8/U=,HgWoMsPvujj0ncjjfXH9XofUSKg=
-30,4,Kwy/Jvhi6NZsAQfP+zEAFz+T8/U=,k9ANGRt/htzzBlPMDDoNR4IcKy0=
-29,6,Kwy/Jvhi6NZsAQfP+zEAFz+T8/U=,k9ANGRt/htzzBlPMDDoNR4IcKy0=
-25,2,Kwy/Jvhi6NZsAQfP+zEAFz+T8/U=,k9ANGRt/htzzBlPMDDoNR4IcKy0=
-29,5,Kwy/Jvhi6NZsAQfP+zEAFz+T8/U=,k9ANGRt/htzzBlPMDDoNR4IcKy0=
-26,2,Kwy/Jvhi6NZsAQfP+zEAFz+T8/U=,k9ANGRt/htzzBlPMDDoNR4IcKy0=
-30,5,Kwy/Jvhi6NZsAQfP+zEAFz+T8/U=,k9ANGRt/htzzBlPMDDoNR4IcKy0=
-25,1,Kwy/Jvhi6NZsAQfP+zEAFz+T8/U=,k9ANGRt/htzzBlPMDDoNR4IcKy0=
-31,4,Kwy/Jvhi6NZsAQfP+zEAFz+T8/U=,k9ANGRt/htzzBlPMDDoNR4IcKy0=
-27,2,Kwy/Jvhi6NZsAQfP+zEAFz+T8/U=,k9ANGRt/htzzBlPMDDoNR4IcKy0=
-28,2,Kwy/Jvhi6NZsAQfP+zEAFz+T8/U=,k9ANGRt/htzzBlPMDDoNR4IcKy0=
-26,1,Kwy/Jvhi6NZsAQfP+zEAFz+T8/U=,k9ANGRt/htzzBlPMDDoNR4IcKy0=
-31,5,Kwy/Jvhi6NZsAQfP+zEAFz+T8/U=,k9ANGRt/htzzBlPMDDoNR4IcKy0=
-24,5,Kwy/Jvhi6NZsAQfP+zEAFz+T8/U=,HgWoMsPvujj0ncjjfXH9XofUSKg=
-29,2,Kwy/Jvhi6NZsAQfP+zEAFz+T8/U=,k9ANGRt/htzzBlPMDDoNR4IcKy0=
-27,1,Kwy/Jvhi6NZsAQfP+zEAFz+T8/U=,k9ANGRt/htzzBlPMDDoNR4IcKy0=
-28,1,Kwy/Jvhi6NZsAQfP+zEAFz+T8/U=,k9ANGRt/htzzBlPMDDoNR4IcKy0=
-29,1,Kwy/Jvhi6NZsAQfP+zEAFz+T8/U=,k9ANGRt/htzzBlPMDDoNR4IcKy0=
-24,3,Kwy/Jvhi6NZsAQfP+zEAFz+T8/U=,HgWoMsPvujj0ncjjfXH9XofUSKg=
-24,4,Kwy/Jvhi6NZsAQfP+zEAFz+T8/U=,HgWoMsPvujj0ncjjfXH9XofUSKg=
-25,3,Kwy/Jvhi6NZsAQfP+zEAFz+T8/U=,k9ANGRt/htzzBlPMDDoNR4IcKy0=
-25,4,Kwy/Jvhi6NZsAQfP+zEAFz+T8/U=,k9ANGRt/htzzBlPMDDoNR4IcKy0=
-26,3,Kwy/Jvhi6NZsAQfP+zEAFz+T8/U=,k9ANGRt/htzzBlPMDDoNR4IcKy0=
-27,3,Kwy/Jvhi6NZsAQfP+zEAFz+T8/U=,k9ANGRt/htzzBlPMDDoNR4IcKy0=
-24,2,Kwy/Jvhi6NZsAQfP+zEAFz+T8/U=,HgWoMsPvujj0ncjjfXH9XofUSKg=
-26,4,Kwy/Jvhi6NZsAQfP+zEAFz+T8/U=,k9ANGRt/htzzBlPMDDoNR4IcKy0=
-25,5,Kwy/Jvhi6NZsAQfP+zEAFz+T8/U=,k9ANGRt/htzzBlPMDDoNR4IcKy0=
-30,1,Kwy/Jvhi6NZsAQfP+zEAFz+T8/U=,k9ANGRt/htzzBlPMDDoNR4IcKy0=
-24,1,Kwy/Jvhi6NZsAQfP+zEAFz+T8/U=,HgWoMsPvujj0ncjjfXH9XofUSKg=
-27,4,Kwy/Jvhi6NZsAQfP+zEAFz+T8/U=,k9ANGRt/htzzBlPMDDoNR4IcKy0=
-30,2,Kwy/Jvhi6NZsAQfP+zEAFz+T8/U=,k9ANGRt/htzzBlPMDDoNR4IcKy0=
-26,5,Kwy/Jvhi6NZsAQfP+zEAFz+T8/U=,k9ANGRt/htzzBlPMDDoNR4IcKy0=
-28,4,Kwy/Jvhi6NZsAQfP+zEAFz+T8/U=,k9ANGRt/htzzBlPMDDoNR4IcKy0=
-31,1,Kwy/Jvhi6NZsAQfP+zEAFz+T8/U=,k9ANGRt/htzzBlPMDDoNR4IcKy0=
-27,5,Kwy/Jvhi6NZsAQfP+zEAFz+T8/U=,k9ANGRt/htzzBlPMDDoNR4IcKy0=
-29,4,Kwy/Jvhi6NZsAQfP+zEAFz+T8/U=,k9ANGRt/htzzBlPMDDoNR4IcKy0=
-28,3,Kwy/Jvhi6NZsAQfP+zEAFz+T8/U=,k9ANGRt/htzzBlPMDDoNR4IcKy0=
-31,2,Kwy/Jvhi6NZsAQfP+zEAFz+T8/U=,k9ANGRt/htzzBlPMDDoNR4IcKy0=
-28,5,Kwy/Jvhi6NZsAQfP+zEAFz+T8/U=,k9ANGRt/htzzBlPMDDoNR4IcKy0=
-29,3,Kwy/Jvhi6NZsAQfP+zEAFz+T8/U=,k9ANGRt/htzzBlPMDDoNR4IcKy0=
-30,3,Kwy/Jvhi6NZsAQfP+zEAFz+T8/U=,k9ANGRt/htzzBlPMDDoNR4IcKy0=
-31,3,Kwy/Jvhi6NZsAQfP+zEAFz+T8/U=,k9ANGRt/htzzBlPMDDoNR4IcKy0=
-31,14,Kwy/Jvhi6NZsAQfP+zEAFz+T8/U=,WeoSCA0BunBdBgV5rKbX0eZw2d8=
-30,14,Kwy/Jvhi6NZsAQfP+zEAFz+T8/U=,WeoSCA0BunBdBgV5rKbX0eZw2d8=
-29,14,Kwy/Jvhi6NZsAQfP+zEAFz+T8/U=,WeoSCA0BunBdBgV5rKbX0eZw2d8=
-28,14,Kwy/Jvhi6NZsAQfP+zEAFz+T8/U=,WeoSCA0BunBdBgV5rKbX0eZw2d8=
-27,14,Kwy/Jvhi6NZsAQfP+zEAFz+T8/U=,WeoSCA0BunBdBgV5rKbX0eZw2d8=
-26,14,Kwy/Jvhi6NZsAQfP+zEAFz+T8/U=,WeoSCA0BunBdBgV5rKbX0eZw2d8=
-31,12,Kwy/Jvhi6NZsAQfP+zEAFz+T8/U=,WeoSCA0BunBdBgV5rKbX0eZw2d8=
-30,12,Kwy/Jvhi6NZsAQfP+zEAFz+T8/U=,WeoSCA0BunBdBgV5rKbX0eZw2d8=
-29,12,Kwy/Jvhi6NZsAQfP+zEAFz+T8/U=,WeoSCA0BunBdBgV5rKbX0eZw2d8=
-31,13,Kwy/Jvhi6NZsAQfP+zEAFz+T8/U=,WeoSCA0BunBdBgV5rKbX0eZw2d8=
-30,13,Kwy/Jvhi6NZsAQfP+zEAFz+T8/U=,WeoSCA0BunBdBgV5rKbX0eZw2d8=
-29,13,Kwy/Jvhi6NZsAQfP+zEAFz+T8/U=,WeoSCA0BunBdBgV5rKbX0eZw2d8=
-28,13,Kwy/Jvhi6NZsAQfP+zEAFz+T8/U=,WeoSCA0BunBdBgV5rKbX0eZw2d8=
-27,13,Kwy/Jvhi6NZsAQfP+zEAFz+T8/U=,WeoSCA0BunBdBgV5rKbX0eZw2d8=
-26,13,Kwy/Jvhi6NZsAQfP+zEAFz+T8/U=,WeoSCA0BunBdBgV5rKbX0eZw2d8=
-32,14,Kwy/Jvhi6NZsAQfP+zEAFz+T8/U=,WeoSCA0BunBdBgV5rKbX0eZw2d8=
-32,13,Kwy/Jvhi6NZsAQfP+zEAFz+T8/U=,WeoSCA0BunBdBgV5rKbX0eZw2d8=
-32,12,Kwy/Jvhi6NZsAQfP+zEAFz+T8/U=,WeoSCA0BunBdBgV5rKbX0eZw2d8=
-31,15,Kwy/Jvhi6NZsAQfP+zEAFz+T8/U=,WeoSCA0BunBdBgV5rKbX0eZw2d8=
-30,15,Kwy/Jvhi6NZsAQfP+zEAFz+T8/U=,WeoSCA0BunBdBgV5rKbX0eZw2d8=
-29,15,Kwy/Jvhi6NZsAQfP+zEAFz+T8/U=,WeoSCA0BunBdBgV5rKbX0eZw2d8=
-28,15,Kwy/Jvhi6NZsAQfP+zEAFz+T8/U=,WeoSCA0BunBdBgV5rKbX0eZw2d8=
-27,15,Kwy/Jvhi6NZsAQfP+zEAFz+T8/U=,WeoSCA0BunBdBgV5rKbX0eZw2d8=
-26,15,Kwy/Jvhi6NZsAQfP+zEAFz+T8/U=,WeoSCA0BunBdBgV5rKbX0eZw2d8=
-25,14,Kwy/Jvhi6NZsAQfP+zEAFz+T8/U=,WeoSCA0BunBdBgV5rKbX0eZw2d8=
-24,12,Kwy/Jvhi6NZsAQfP+zEAFz+T8/U=,3yeD1uwF1UuNZDXBnkFxLFnoBqk=
-23,12,Kwy/Jvhi6NZsAQfP+zEAFz+T8/U=,3yeD1uwF1UuNZDXBnkFxLFnoBqk=
-22,12,Kwy/Jvhi6NZsAQfP+zEAFz+T8/U=,3yeD1uwF1UuNZDXBnkFxLFnoBqk=
-20,12,Kwy/Jvhi6NZsAQfP+zEAFz+T8/U=,3yeD1uwF1UuNZDXBnkFxLFnoBqk=
-19,12,Kwy/Jvhi6NZsAQfP+zEAFz+T8/U=,3yeD1uwF1UuNZDXBnkFxLFnoBqk=
-24,13,Kwy/Jvhi6NZsAQfP+zEAFz+T8/U=,3yeD1uwF1UuNZDXBnkFxLFnoBqk=
-23,13,Kwy/Jvhi6NZsAQfP+zEAFz+T8/U=,3yeD1uwF1UuNZDXBnkFxLFnoBqk=
-25,13,Kwy/Jvhi6NZsAQfP+zEAFz+T8/U=,WeoSCA0BunBdBgV5rKbX0eZw2d8=
-20,14,Kwy/Jvhi6NZsAQfP+zEAFz+T8/U=,3yeD1uwF1UuNZDXBnkFxLFnoBqk=
-21,14,Kwy/Jvhi6NZsAQfP+zEAFz+T8/U=,3yeD1uwF1UuNZDXBnkFxLFnoBqk=
-22,14,Kwy/Jvhi6NZsAQfP+zEAFz+T8/U=,3yeD1uwF1UuNZDXBnkFxLFnoBqk=
-23,14,Kwy/Jvhi6NZsAQfP+zEAFz+T8/U=,3yeD1uwF1UuNZDXBnkFxLFnoBqk=
-24,14,Kwy/Jvhi6NZsAQfP+zEAFz+T8/U=,3yeD1uwF1UuNZDXBnkFxLFnoBqk=
-25,12,Kwy/Jvhi6NZsAQfP+zEAFz+T8/U=,WeoSCA0BunBdBgV5rKbX0eZw2d8=
-24,6,Kwy/Jvhi6NZsAQfP+zEAFz+T8/U=,HgWoMsPvujj0ncjjfXH9XofUSKg=
-24,15,Kwy/Jvhi6NZsAQfP+zEAFz+T8/U=,3yeD1uwF1UuNZDXBnkFxLFnoBqk=
-23,15,Kwy/Jvhi6NZsAQfP+zEAFz+T8/U=,3yeD1uwF1UuNZDXBnkFxLFnoBqk=
-22,15,Kwy/Jvhi6NZsAQfP+zEAFz+T8/U=,3yeD1uwF1UuNZDXBnkFxLFnoBqk=
-21,15,Kwy/Jvhi6NZsAQfP+zEAFz+T8/U=,3yeD1uwF1UuNZDXBnkFxLFnoBqk=
-21,5,Kwy/Jvhi6NZsAQfP+zEAFz+T8/U=,HgWoMsPvujj0ncjjfXH9XofUSKg=
-20,15,Kwy/Jvhi6NZsAQfP+zEAFz+T8/U=,3yeD1uwF1UuNZDXBnkFxLFnoBqk=
-25,15,Kwy/Jvhi6NZsAQfP+zEAFz+T8/U=,WeoSCA0BunBdBgV5rKbX0eZw2d8=
-23,0,Kwy/Jvhi6NZsAQfP+zEAFz+T8/U=,HgWoMsPvujj0ncjjfXH9XofUSKg=
-22,0,Kwy/Jvhi6NZsAQfP+zEAFz+T8/U=,HgWoMsPvujj0ncjjfXH9XofUSKg=
-21,0,Kwy/Jvhi6NZsAQfP+zEAFz+T8/U=,HgWoMsPvujj0ncjjfXH9XofUSKg=
-20,0,Kwy/Jvhi6NZsAQfP+zEAFz+T8/U=,HgWoMsPvujj0ncjjfXH9XofUSKg=
-19,0,Kwy/Jvhi6NZsAQfP+zEAFz+T8/U=,HgWoMsPvujj0ncjjfXH9XofUSKg=
-18,0,Kwy/Jvhi6NZsAQfP+zEAFz+T8/U=,HgWoMsPvujj0ncjjfXH9XofUSKg=
-28,0,Kwy/Jvhi6NZsAQfP+zEAFz+T8/U=,k9ANGRt/htzzBlPMDDoNR4IcKy0=
-24,0,Kwy/Jvhi6NZsAQfP+zEAFz+T8/U=,HgWoMsPvujj0ncjjfXH9XofUSKg=
-30,0,Kwy/Jvhi6NZsAQfP+zEAFz+T8/U=,k9ANGRt/htzzBlPMDDoNR4IcKy0=
-26,0,Kwy/Jvhi6NZsAQfP+zEAFz+T8/U=,k9ANGRt/htzzBlPMDDoNR4IcKy0=
-31,0,Kwy/Jvhi6NZsAQfP+zEAFz+T8/U=,k9ANGRt/htzzBlPMDDoNR4IcKy0=
-29,0,Kwy/Jvhi6NZsAQfP+zEAFz+T8/U=,k9ANGRt/htzzBlPMDDoNR4IcKy0=
-27,0,Kwy/Jvhi6NZsAQfP+zEAFz+T8/U=,k9ANGRt/htzzBlPMDDoNR4IcKy0=
-25,0,Kwy/Jvhi6NZsAQfP+zEAFz+T8/U=,k9ANGRt/htzzBlPMDDoNR4IcKy0=
-32,3,Kwy/Jvhi6NZsAQfP+zEAFz+T8/U=,k9ANGRt/htzzBlPMDDoNR4IcKy0=
-32,2,Kwy/Jvhi6NZsAQfP+zEAFz+T8/U=,k9ANGRt/htzzBlPMDDoNR4IcKy0=
-32,1,Kwy/Jvhi6NZsAQfP+zEAFz+T8/U=,k9ANGRt/htzzBlPMDDoNR4IcKy0=
-22,7,Kwy/Jvhi6NZsAQfP+zEAFz+T8/U=,HgWoMsPvujj0ncjjfXH9XofUSKg=
-20,13,Kwy/Jvhi6NZsAQfP+zEAFz+T8/U=,3yeD1uwF1UuNZDXBnkFxLFnoBqk=
-21,13,Kwy/Jvhi6NZsAQfP+zEAFz+T8/U=,3yeD1uwF1UuNZDXBnkFxLFnoBqk=
-22,13,Kwy/Jvhi6NZsAQfP+zEAFz+T8/U=,3yeD1uwF1UuNZDXBnkFxLFnoBqk=
-23,7,Kwy/Jvhi6NZsAQfP+zEAFz+T8/U=,HgWoMsPvujj0ncjjfXH9XofUSKg=
-24,7,Kwy/Jvhi6NZsAQfP+zEAFz+T8/U=,HgWoMsPvujj0ncjjfXH9XofUSKg=
-25,7,Kwy/Jvhi6NZsAQfP+zEAFz+T8/U=,k9ANGRt/htzzBlPMDDoNR4IcKy0=
-17,7,Kwy/Jvhi6NZsAQfP+zEAFz+T8/U=,HgWoMsPvujj0ncjjfXH9XofUSKg=
-24,9,Kwy/Jvhi6NZsAQfP+zEAFz+T8/U=,3yeD1uwF1UuNZDXBnkFxLFnoBqk=
-32,8,Kwy/Jvhi6NZsAQfP+zEAFz+T8/U=,WeoSCA0BunBdBgV5rKbX0eZw2d8=
-20,8,Kwy/Jvhi6NZsAQfP+zEAFz+T8/U=,3yeD1uwF1UuNZDXBnkFxLFnoBqk=
-18,7,Kwy/Jvhi6NZsAQfP+zEAFz+T8/U=,HgWoMsPvujj0ncjjfXH9XofUSKg=
-21,6,Kwy/Jvhi6NZsAQfP+zEAFz+T8/U=,HgWoMsPvujj0ncjjfXH9XofUSKg=
-28,8,Kwy/Jvhi6NZsAQfP+zEAFz+T8/U=,WeoSCA0BunBdBgV5rKbX0eZw2d8=
-32,0,Kwy/Jvhi6NZsAQfP+zEAFz+T8/U=,k9ANGRt/htzzBlPMDDoNR4IcKy0=
-32,15,Kwy/Jvhi6NZsAQfP+zEAFz+T8/U=,WeoSCA0BunBdBgV5rKbX0eZw2d8=
-17,0,Kwy/Jvhi6NZsAQfP+zEAFz+T8/U=,HgWoMsPvujj0ncjjfXH9XofUSKg=
-17,10,Kwy/Jvhi6NZsAQfP+zEAFz+T8/U=,3yeD1uwF1UuNZDXBnkFxLFnoBqk=
-17,3,Kwy/Jvhi6NZsAQfP+zEAFz+T8/U=,HgWoMsPvujj0ncjjfXH9XofUSKg=
-23,9,Kwy/Jvhi6NZsAQfP+zEAFz+T8/U=,3yeD1uwF1UuNZDXBnkFxLFnoBqk=
-19,6,Kwy/Jvhi6NZsAQfP+zEAFz+T8/U=,HgWoMsPvujj0ncjjfXH9XofUSKg=
-26,6,Kwy/Jvhi6NZsAQfP+zEAFz+T8/U=,k9ANGRt/htzzBlPMDDoNR4IcKy0=
-18,6,Kwy/Jvhi6NZsAQfP+zEAFz+T8/U=,HgWoMsPvujj0ncjjfXH9XofUSKg=
-21,7,Kwy/Jvhi6NZsAQfP+zEAFz+T8/U=,HgWoMsPvujj0ncjjfXH9XofUSKg=
-26,8,Kwy/Jvhi6NZsAQfP+zEAFz+T8/U=,WeoSCA0BunBdBgV5rKbX0eZw2d8=
-32,9,Kwy/Jvhi6NZsAQfP+zEAFz+T8/U=,WeoSCA0BunBdBgV5rKbX0eZw2d8=
-19,7,Kwy/Jvhi6NZsAQfP+zEAFz+T8/U=,HgWoMsPvujj0ncjjfXH9XofUSKg=
-18,4,Kwy/Jvhi6NZsAQfP+zEAFz+T8/U=,HgWoMsPvujj0ncjjfXH9XofUSKg=
-26,7,Kwy/Jvhi6NZsAQfP+zEAFz+T8/U=,k9ANGRt/htzzBlPMDDoNR4IcKy0=
-25,6,Kwy/Jvhi6NZsAQfP+zEAFz+T8/U=,k9ANGRt/htzzBlPMDDoNR4IcKy0=
-19,4,Kwy/Jvhi6NZsAQfP+zEAFz+T8/U=,HgWoMsPvujj0ncjjfXH9XofUSKg=
-27,6,Kwy/Jvhi6NZsAQfP+zEAFz+T8/U=,k9ANGRt/htzzBlPMDDoNR4IcKy0=
-19,11,Kwy/Jvhi6NZsAQfP+zEAFz+T8/U=,3yeD1uwF1UuNZDXBnkFxLFnoBqk=
-20,5,Kwy/Jvhi6NZsAQfP+zEAFz+T8/U=,HgWoMsPvujj0ncjjfXH9XofUSKg=
-17,14,Kwy/Jvhi6NZsAQfP+zEAFz+T8/U=,3yeD1uwF1UuNZDXBnkFxLFnoBqk=
-27,9,Kwy/Jvhi6NZsAQfP+zEAFz+T8/U=,WeoSCA0BunBdBgV5rKbX0eZw2d8=
-18,11,hW3I7L0YLeByI8KjXVjuTmi9rrw=,3yeD1uwF1UuNZDXBnkFxLFnoBqk=
-27,8,hW3I7L0YLeByI8KjXVjuTmi9rrw=,WeoSCA0BunBdBgV5rKbX0eZw2d8=
-19,5,hW3I7L0YLeByI8KjXVjuTmi9rrw=,HgWoMsPvujj0ncjjfXH9XofUSKg=
-20,11,hW3I7L0YLeByI8KjXVjuTmi9rrw=,3yeD1uwF1UuNZDXBnkFxLFnoBqk=
-18,5,hW3I7L0YLeByI8KjXVjuTmi9rrw=,HgWoMsPvujj0ncjjfXH9XofUSKg=
-28,6,hW3I7L0YLeByI8KjXVjuTmi9rrw=,k9ANGRt/htzzBlPMDDoNR4IcKy0=
-22,9,hW3I7L0YLeByI8KjXVjuTmi9rrw=,3yeD1uwF1UuNZDXBnkFxLFnoBqk=
-20,6,hW3I7L0YLeByI8KjXVjuTmi9rrw=,HgWoMsPvujj0ncjjfXH9XofUSKg=
-20,7,hW3I7L0YLeByI8KjXVjuTmi9rrw=,HgWoMsPvujj0ncjjfXH9XofUSKg=
-17,6,hW3I7L0YLeByI8KjXVjuTmi9rrw=,HgWoMsPvujj0ncjjfXH9XofUSKg=
-18,14,hW3I7L0YLeByI8KjXVjuTmi9rrw=,3yeD1uwF1UuNZDXBnkFxLFnoBqk=
-17,4,hW3I7L0YLeByI8KjXVjuTmi9rrw=,HgWoMsPvujj0ncjjfXH9XofUSKg=
-18,12,hW3I7L0YLeByI8KjXVjuTmi9rrw=,3yeD1uwF1UuNZDXBnkFxLFnoBqk=
-17,5,hW3I7L0YLeByI8KjXVjuTmi9rrw=,HgWoMsPvujj0ncjjfXH9XofUSKg=
-27,7,hW3I7L0YLeByI8KjXVjuTmi9rrw=,k9ANGRt/htzzBlPMDDoNR4IcKy0=
-28,9,hW3I7L0YLeByI8KjXVjuTmi9rrw=,WeoSCA0BunBdBgV5rKbX0eZw2d8=
-32,10,hW3I7L0YLeByI8KjXVjuTmi9rrw=,WeoSCA0BunBdBgV5rKbX0eZw2d8=
-28,7,hW3I7L0YLeByI8KjXVjuTmi9rrw=,k9ANGRt/htzzBlPMDDoNR4IcKy0=
-17,15,hW3I7L0YLeByI8KjXVjuTmi9rrw=,3yeD1uwF1UuNZDXBnkFxLFnoBqk=
-23,10,hW3I7L0YLeByI8KjXVjuTmi9rrw=,3yeD1uwF1UuNZDXBnkFxLFnoBqk=
-32,11,hW3I7L0YLeByI8KjXVjuTmi9rrw=,WeoSCA0BunBdBgV5rKbX0eZw2d8=
-21,9,hW3I7L0YLeByI8KjXVjuTmi9rrw=,3yeD1uwF1UuNZDXBnkFxLFnoBqk=
-25,11,hW3I7L0YLeByI8KjXVjuTmi9rrw=,WeoSCA0BunBdBgV5rKbX0eZw2d8=
-21,10,hW3I7L0YLeByI8KjXVjuTmi9rrw=,3yeD1uwF1UuNZDXBnkFxLFnoBqk=
-17,9,hW3I7L0YLeByI8KjXVjuTmi9rrw=,3yeD1uwF1UuNZDXBnkFxLFnoBqk=
-21,12,hW3I7L0YLeByI8KjXVjuTmi9rrw=,3yeD1uwF1UuNZDXBnkFxLFnoBqk=
-22,10,hW3I7L0YLeByI8KjXVjuTmi9rrw=,3yeD1uwF1UuNZDXBnkFxLFnoBqk=
-22,8,hW3I7L0YLeByI8KjXVjuTmi9rrw=,3yeD1uwF1UuNZDXBnkFxLFnoBqk=
-23,8,hW3I7L0YLeByI8KjXVjuTmi9rrw=,3yeD1uwF1UuNZDXBnkFxLFnoBqk=
-17,8,hW3I7L0YLeByI8KjXVjuTmi9rrw=,3yeD1uwF1UuNZDXBnkFxLFnoBqk=
-24,8,hW3I7L0YLeByI8KjXVjuTmi9rrw=,3yeD1uwF1UuNZDXBnkFxLFnoBqk=
-25,9,hW3I7L0YLeByI8KjXVjuTmi9rrw=,WeoSCA0BunBdBgV5rKbX0eZw2d8=
-24,10,hW3I7L0YLeByI8KjXVjuTmi9rrw=,3yeD1uwF1UuNZDXBnkFxLFnoBqk=
-17,13,hW3I7L0YLeByI8KjXVjuTmi9rrw=,3yeD1uwF1UuNZDXBnkFxLFnoBqk=
-21,11,hW3I7L0YLeByI8KjXVjuTmi9rrw=,3yeD1uwF1UuNZDXBnkFxLFnoBqk=
-29,7,hW3I7L0YLeByI8KjXVjuTmi9rrw=,k9ANGRt/htzzBlPMDDoNR4IcKy0=
-21,8,hW3I7L0YLeByI8KjXVjuTmi9rrw=,3yeD1uwF1UuNZDXBnkFxLFnoBqk=
-26,12,hW3I7L0YLeByI8KjXVjuTmi9rrw=,WeoSCA0BunBdBgV5rKbX0eZw2d8=
-22,11,hW3I7L0YLeByI8KjXVjuTmi9rrw=,3yeD1uwF1UuNZDXBnkFxLFnoBqk=
-25,8,hW3I7L0YLeByI8KjXVjuTmi9rrw=,WeoSCA0BunBdBgV5rKbX0eZw2d8=
-28,12,hW3I7L0YLeByI8KjXVjuTmi9rrw=,WeoSCA0BunBdBgV5rKbX0eZw2d8=
-27,12,hW3I7L0YLeByI8KjXVjuTmi9rrw=,WeoSCA0BunBdBgV5rKbX0eZw2d8=
-17,12,hW3I7L0YLeByI8KjXVjuTmi9rrw=,3yeD1uwF1UuNZDXBnkFxLFnoBqk=
-25,10,hW3I7L0YLeByI8KjXVjuTmi9rrw=,WeoSCA0BunBdBgV5rKbX0eZw2d8=
-23,11,hW3I7L0YLeByI8KjXVjuTmi9rrw=,3yeD1uwF1UuNZDXBnkFxLFnoBqk=
-30,7,hW3I7L0YLeByI8KjXVjuTmi9rrw=,k9ANGRt/htzzBlPMDDoNR4IcKy0=
-17,11,hW3I7L0YLeByI8KjXVjuTmi9rrw=,3yeD1uwF1UuNZDXBnkFxLFnoBqk=
-19,13,hW3I7L0YLeByI8KjXVjuTmi9rrw=,3yeD1uwF1UuNZDXBnkFxLFnoBqk=
-31,7,hW3I7L0YLeByI8KjXVjuTmi9rrw=,k9ANGRt/htzzBlPMDDoNR4IcKy0=
-27,11,hW3I7L0YLeByI8KjXVjuTmi9rrw=,WeoSCA0BunBdBgV5rKbX0eZw2d8=
-26,11,hW3I7L0YLeByI8KjXVjuTmi9rrw=,WeoSCA0BunBdBgV5rKbX0eZw2d8=
-24,11,hW3I7L0YLeByI8KjXVjuTmi9rrw=,3yeD1uwF1UuNZDXBnkFxLFnoBqk=
-27,10,hW3I7L0YLeByI8KjXVjuTmi9rrw=,WeoSCA0BunBdBgV5rKbX0eZw2d8=
-19,14,hW3I7L0YLeByI8KjXVjuTmi9rrw=,3yeD1uwF1UuNZDXBnkFxLFnoBqk=
-32,5,hW3I7L0YLeByI8KjXVjuTmi9rrw=,k9ANGRt/htzzBlPMDDoNR4IcKy0=
-19,10,hW3I7L0YLeByI8KjXVjuTmi9rrw=,3yeD1uwF1UuNZDXBnkFxLFnoBqk=
-26,10,hW3I7L0YLeByI8KjXVjuTmi9rrw=,WeoSCA0BunBdBgV5rKbX0eZw2d8=
-26,9,hW3I7L0YLeByI8KjXVjuTmi9rrw=,WeoSCA0BunBdBgV5rKbX0eZw2d8=
-18,13,hW3I7L0YLeByI8KjXVjuTmi9rrw=,3yeD1uwF1UuNZDXBnkFxLFnoBqk=
-18,10,hW3I7L0YLeByI8KjXVjuTmi9rrw=,3yeD1uwF1UuNZDXBnkFxLFnoBqk=
-29,11,hW3I7L0YLeByI8KjXVjuTmi9rrw=,WeoSCA0BunBdBgV5rKbX0eZw2d8=
-18,9,hW3I7L0YLeByI8KjXVjuTmi9rrw=,3yeD1uwF1UuNZDXBnkFxLFnoBqk=
-32,4,hW3I7L0YLeByI8KjXVjuTmi9rrw=,k9ANGRt/htzzBlPMDDoNR4IcKy0=
-32,6,hW3I7L0YLeByI8KjXVjuTmi9rrw=,k9ANGRt/htzzBlPMDDoNR4IcKy0=
-19,9,hW3I7L0YLeByI8KjXVjuTmi9rrw=,3yeD1uwF1UuNZDXBnkFxLFnoBqk=
-30,11,hW3I7L0YLeByI8KjXVjuTmi9rrw=,WeoSCA0BunBdBgV5rKbX0eZw2d8=
-28,11,hW3I7L0YLeByI8KjXVjuTmi9rrw=,WeoSCA0BunBdBgV5rKbX0eZw2d8=
-30,6,hW3I7L0YLeByI8KjXVjuTmi9rrw=,k9ANGRt/htzzBlPMDDoNR4IcKy0=
-32,7,hW3I7L0YLeByI8KjXVjuTmi9rrw=,k9ANGRt/htzzBlPMDDoNR4IcKy0=
-20,10,hW3I7L0YLeByI8KjXVjuTmi9rrw=,3yeD1uwF1UuNZDXBnkFxLFnoBqk=
-31,6,hW3I7L0YLeByI8KjXVjuTmi9rrw=,k9ANGRt/htzzBlPMDDoNR4IcKy0=
-28,10,hW3I7L0YLeByI8KjXVjuTmi9rrw=,WeoSCA0BunBdBgV5rKbX0eZw2d8=
-20,9,hW3I7L0YLeByI8KjXVjuTmi9rrw=,3yeD1uwF1UuNZDXBnkFxLFnoBqk=
-31,11,hW3I7L0YLeByI8KjXVjuTmi9rrw=,WeoSCA0BunBdBgV5rKbX0eZw2d8=
-18,8,hW3I7L0YLeByI8KjXVjuTmi9rrw=,3yeD1uwF1UuNZDXBnkFxLFnoBqk=
-18,15,hW3I7L0YLeByI8KjXVjuTmi9rrw=,3yeD1uwF1UuNZDXBnkFxLFnoBqk=
-19,15,hW3I7L0YLeByI8KjXVjuTmi9rrw=,3yeD1uwF1UuNZDXBnkFxLFnoBqk=
-19,8,hW3I7L0YLeByI8KjXVjuTmi9rrw=,3yeD1uwF1UuNZDXBnkFxLFnoBqk=
-31,8,hW3I7L0YLeByI8KjXVjuTmi9rrw=,WeoSCA0BunBdBgV5rKbX0eZw2d8=
-31,9,hW3I7L0YLeByI8KjXVjuTmi9rrw=,WeoSCA0BunBdBgV5rKbX0eZw2d8=
-30,8,hW3I7L0YLeByI8KjXVjuTmi9rrw=,WeoSCA0BunBdBgV5rKbX0eZw2d8=
-30,9,hW3I7L0YLeByI8KjXVjuTmi9rrw=,WeoSCA0BunBdBgV5rKbX0eZw2d8=
-29,10,hW3I7L0YLeByI8KjXVjuTmi9rrw=,WeoSCA0BunBdBgV5rKbX0eZw2d8=
-29,8,MNjhuHAVhhqmbmpRSAQOMZ9U3QM=,WeoSCA0BunBdBgV5rKbX0eZw2d8=
-29,9,MNjhuHAVhhqmbmpRSAQOMZ9U3QM=,WeoSCA0BunBdBgV5rKbX0eZw2d8=
-30,10,MNjhuHAVhhqmbmpRSAQOMZ9U3QM=,WeoSCA0BunBdBgV5rKbX0eZw2d8=
-31,10,MNjhuHAVhhqmbmpRSAQOMZ9U3QM=,WeoSCA0BunBdBgV5rKbX0eZw2d8=
-23,20,MNjhuHAVhhqmbmpRSAQOMZ9U3QM=,gsmebJt7mkMaSjkZXQ/jG11s2dI=
-21,20,MNjhuHAVhhqmbmpRSAQOMZ9U3QM=,gsmebJt7mkMaSjkZXQ/jG11s2dI=
-19,23,MNjhuHAVhhqmbmpRSAQOMZ9U3QM=,gsmebJt7mkMaSjkZXQ/jG11s2dI=
-23,19,MNjhuHAVhhqmbmpRSAQOMZ9U3QM=,gsmebJt7mkMaSjkZXQ/jG11s2dI=
-19,22,MNjhuHAVhhqmbmpRSAQOMZ9U3QM=,gsmebJt7mkMaSjkZXQ/jG11s2dI=
-20,22,MNjhuHAVhhqmbmpRSAQOMZ9U3QM=,gsmebJt7mkMaSjkZXQ/jG11s2dI=
-24,19,MNjhuHAVhhqmbmpRSAQOMZ9U3QM=,gsmebJt7mkMaSjkZXQ/jG11s2dI=
-20,23,MNjhuHAVhhqmbmpRSAQOMZ9U3QM=,gsmebJt7mkMaSjkZXQ/jG11s2dI=
-21,16,MNjhuHAVhhqmbmpRSAQOMZ9U3QM=,gsmebJt7mkMaSjkZXQ/jG11s2dI=
-21,22,MNjhuHAVhhqmbmpRSAQOMZ9U3QM=,gsmebJt7mkMaSjkZXQ/jG11s2dI=
-22,22,MNjhuHAVhhqmbmpRSAQOMZ9U3QM=,gsmebJt7mkMaSjkZXQ/jG11s2dI=
-19,21,MNjhuHAVhhqmbmpRSAQOMZ9U3QM=,gsmebJt7mkMaSjkZXQ/jG11s2dI=
-20,21,MNjhuHAVhhqmbmpRSAQOMZ9U3QM=,gsmebJt7mkMaSjkZXQ/jG11s2dI=
-23,22,MNjhuHAVhhqmbmpRSAQOMZ9U3QM=,gsmebJt7mkMaSjkZXQ/jG11s2dI=
-24,20,MNjhuHAVhhqmbmpRSAQOMZ9U3QM=,gsmebJt7mkMaSjkZXQ/jG11s2dI=
-21,21,MNjhuHAVhhqmbmpRSAQOMZ9U3QM=,gsmebJt7mkMaSjkZXQ/jG11s2dI=
-17,23,MNjhuHAVhhqmbmpRSAQOMZ9U3QM=,gsmebJt7mkMaSjkZXQ/jG11s2dI=
-22,17,MNjhuHAVhhqmbmpRSAQOMZ9U3QM=,gsmebJt7mkMaSjkZXQ/jG11s2dI=
-18,23,MNjhuHAVhhqmbmpRSAQOMZ9U3QM=,gsmebJt7mkMaSjkZXQ/jG11s2dI=
-23,16,MNjhuHAVhhqmbmpRSAQOMZ9U3QM=,gsmebJt7mkMaSjkZXQ/jG11s2dI=
-22,21,MNjhuHAVhhqmbmpRSAQOMZ9U3QM=,gsmebJt7mkMaSjkZXQ/jG11s2dI=
-24,22,MNjhuHAVhhqmbmpRSAQOMZ9U3QM=,gsmebJt7mkMaSjkZXQ/jG11s2dI=
-23,21,MNjhuHAVhhqmbmpRSAQOMZ9U3QM=,gsmebJt7mkMaSjkZXQ/jG11s2dI=
-21,17,MNjhuHAVhhqmbmpRSAQOMZ9U3QM=,gsmebJt7mkMaSjkZXQ/jG11s2dI=
-20,16,MNjhuHAVhhqmbmpRSAQOMZ9U3QM=,gsmebJt7mkMaSjkZXQ/jG11s2dI=
-22,19,MNjhuHAVhhqmbmpRSAQOMZ9U3QM=,gsmebJt7mkMaSjkZXQ/jG11s2dI=
-24,21,MNjhuHAVhhqmbmpRSAQOMZ9U3QM=,gsmebJt7mkMaSjkZXQ/jG11s2dI=
-21,19,MNjhuHAVhhqmbmpRSAQOMZ9U3QM=,gsmebJt7mkMaSjkZXQ/jG11s2dI=
-21,18,MNjhuHAVhhqmbmpRSAQOMZ9U3QM=,gsmebJt7mkMaSjkZXQ/jG11s2dI=
-20,18,MNjhuHAVhhqmbmpRSAQOMZ9U3QM=,gsmebJt7mkMaSjkZXQ/jG11s2dI=
-19,18,MNjhuHAVhhqmbmpRSAQOMZ9U3QM=,gsmebJt7mkMaSjkZXQ/jG11s2dI=
-20,19,MNjhuHAVhhqmbmpRSAQOMZ9U3QM=,gsmebJt7mkMaSjkZXQ/jG11s2dI=
-22,16,MNjhuHAVhhqmbmpRSAQOMZ9U3QM=,gsmebJt7mkMaSjkZXQ/jG11s2dI=
-19,20,MNjhuHAVhhqmbmpRSAQOMZ9U3QM=,gsmebJt7mkMaSjkZXQ/jG11s2dI=
-23,17,MNjhuHAVhhqmbmpRSAQOMZ9U3QM=,gsmebJt7mkMaSjkZXQ/jG11s2dI=
-22,18,MNjhuHAVhhqmbmpRSAQOMZ9U3QM=,gsmebJt7mkMaSjkZXQ/jG11s2dI=
-24,16,MNjhuHAVhhqmbmpRSAQOMZ9U3QM=,gsmebJt7mkMaSjkZXQ/jG11s2dI=
-23,18,MNjhuHAVhhqmbmpRSAQOMZ9U3QM=,gsmebJt7mkMaSjkZXQ/jG11s2dI=
-24,17,MNjhuHAVhhqmbmpRSAQOMZ9U3QM=,gsmebJt7mkMaSjkZXQ/jG11s2dI=
-22,20,MNjhuHAVhhqmbmpRSAQOMZ9U3QM=,gsmebJt7mkMaSjkZXQ/jG11s2dI=
-24,18,MNjhuHAVhhqmbmpRSAQOMZ9U3QM=,gsmebJt7mkMaSjkZXQ/jG11s2dI=
-21,23,MNjhuHAVhhqmbmpRSAQOMZ9U3QM=,gsmebJt7mkMaSjkZXQ/jG11s2dI=
-22,23,MNjhuHAVhhqmbmpRSAQOMZ9U3QM=,gsmebJt7mkMaSjkZXQ/jG11s2dI=
-23,23,MNjhuHAVhhqmbmpRSAQOMZ9U3QM=,gsmebJt7mkMaSjkZXQ/jG11s2dI=
-24,23,MNjhuHAVhhqmbmpRSAQOMZ9U3QM=,gsmebJt7mkMaSjkZXQ/jG11s2dI=
-19,19,MNjhuHAVhhqmbmpRSAQOMZ9U3QM=,gsmebJt7mkMaSjkZXQ/jG11s2dI=
-17,22,MNjhuHAVhhqmbmpRSAQOMZ9U3QM=,gsmebJt7mkMaSjkZXQ/jG11s2dI=
-18,22,MNjhuHAVhhqmbmpRSAQOMZ9U3QM=,gsmebJt7mkMaSjkZXQ/jG11s2dI=
-17,19,MNjhuHAVhhqmbmpRSAQOMZ9U3QM=,gsmebJt7mkMaSjkZXQ/jG11s2dI=
-17,20,MNjhuHAVhhqmbmpRSAQOMZ9U3QM=,gsmebJt7mkMaSjkZXQ/jG11s2dI=
-20,20,MNjhuHAVhhqmbmpRSAQOMZ9U3QM=,gsmebJt7mkMaSjkZXQ/jG11s2dI=
-18,21,MNjhuHAVhhqmbmpRSAQOMZ9U3QM=,gsmebJt7mkMaSjkZXQ/jG11s2dI=
-18,20,MNjhuHAVhhqmbmpRSAQOMZ9U3QM=,gsmebJt7mkMaSjkZXQ/jG11s2dI=
-17,21,MNjhuHAVhhqmbmpRSAQOMZ9U3QM=,gsmebJt7mkMaSjkZXQ/jG11s2dI=
-20,17,MNjhuHAVhhqmbmpRSAQOMZ9U3QM=,gsmebJt7mkMaSjkZXQ/jG11s2dI=
-18,19,MNjhuHAVhhqmbmpRSAQOMZ9U3QM=,gsmebJt7mkMaSjkZXQ/jG11s2dI=
-17,16,MNjhuHAVhhqmbmpRSAQOMZ9U3QM=,gsmebJt7mkMaSjkZXQ/jG11s2dI=
-19,16,MNjhuHAVhhqmbmpRSAQOMZ9U3QM=,gsmebJt7mkMaSjkZXQ/jG11s2dI=
-19,17,MNjhuHAVhhqmbmpRSAQOMZ9U3QM=,gsmebJt7mkMaSjkZXQ/jG11s2dI=
-18,18,MNjhuHAVhhqmbmpRSAQOMZ9U3QM=,gsmebJt7mkMaSjkZXQ/jG11s2dI=
-17,18,MNjhuHAVhhqmbmpRSAQOMZ9U3QM=,gsmebJt7mkMaSjkZXQ/jG11s2dI=
-18,16,MNjhuHAVhhqmbmpRSAQOMZ9U3QM=,gsmebJt7mkMaSjkZXQ/jG11s2dI=
-18,17,MNjhuHAVhhqmbmpRSAQOMZ9U3QM=,gsmebJt7mkMaSjkZXQ/jG11s2dI=
-17,17,MNjhuHAVhhqmbmpRSAQOMZ9U3QM=,gsmebJt7mkMaSjkZXQ/jG11s2dI=
